<?xml version="1.0" encoding="UTF-8"?>
<!DOCTYPE mapper PUBLIC "-//mybatis.org//DTD Mapper 3.0//EN" "http://mybatis.org/dtd/mybatis-3-mapper.dtd">
<mapper namespace="com.boe.bank.mapper.activiti.ActivitiTransferMapper">
  <resultMap id="BaseResultMap" type="com.boe.bank.common.entity.activiti.ActivitiTransfer">
    <id column="id" jdbcType="INTEGER" property="id" />
    <result column="from_user_id" jdbcType="BIGINT" property="fromUserId" />
    <result column="to_user_id" jdbcType="BIGINT" property="toUserId" />
    <result column="comment" jdbcType="VARCHAR" property="comment" />
    <result column="TASK_ID_" jdbcType="VARCHAR" property="TASK_ID_" />
    <result column="PROC_INST_ID_" jdbcType="VARCHAR" property="PROC_INST_ID_" />
    <result column="create_time" jdbcType="TIMESTAMP" property="createTime" />

  </resultMap>
  
  <sql id="Base_Column_List">
    id,from_user_id,to_user_id,comment,create_time,TASK_ID_,PROC_INST_ID_
  </sql>

  <!-- 根据查询条件分页获取列表 -->
  <select id="getList" resultMap="BaseResultMap">
    select 
    	<include refid="Base_Column_List"/>
    from t_activiti_transfer
    <where>
      from_user_id = #{fromUserId}
      and PROC_INST_ID_ = #{PROC_INST_ID_}
	 </where>
  </select>
  
  <insert id="insertSelective" parameterType="com.boe.bank.common.entity.activiti.ActivitiTransfer"
          keyProperty="id" useGeneratedKeys="true">
    insert into t_activiti_transfer
    <trim prefix="(" suffix=")" suffixOverrides=",">
      from_user_id,to_user_id,create_time,TASK_ID_,PROC_INST_ID_,
      <if test="comment != null">
        comment
      </if>
    </trim>
    <trim prefix="values (" suffix=")" suffixOverrides=",">
      #{fromUserId},#{toUserId},#{createTime},#{TASK_ID_},#{PROC_INST_ID_},
      <if test="comment != null">
        #{comment},
      </if>
    </trim>
  </insert>

</mapper>