<?xml version="1.0" encoding="UTF-8"?>
<!DOCTYPE mapper PUBLIC "-//mybatis.org//DTD Mapper 3.0//EN" "http://mybatis.org/dtd/mybatis-3-mapper.dtd">
<mapper namespace="com.boe.bank.mapper.activiti.ActivitiProcessMapper">
  <resultMap id="BaseResultMap" type="com.boe.bank.common.entity.activiti.ActivitiProcess">
    <id column="id" jdbcType="INTEGER" property="id" />
    <result column="name" jdbcType="VARCHAR" property="name" />
    <result column="procdef_id" jdbcType="VARCHAR" property="procdefId" />
    <result column="resource_data" jdbcType="VARCHAR" property="resourceData" />
    <result column="examine_id" jdbcType="INTEGER" property="examineId" />
    <result column="status" jdbcType="INTEGER" property="status" />
    <result column="create_time" jdbcType="TIMESTAMP" property="createTime" />
    <result column="create_by" jdbcType="VARCHAR" property="createBy" />
    <result column="create_user_id" jdbcType="BIGINT" property="createUserId" />
    <result column="update_time" jdbcType="TIMESTAMP" property="updateTime" />
    <result column="update_by" jdbcType="VARCHAR" property="updateBy" />
  </resultMap>
  
  <sql id="Base_Column_List">
    id,`name`,procdef_id,resource_data,examine_id,status,create_time,create_by,create_user_id,update_time,update_by
  </sql>
  
  <!--根据id查询-->
  <select id="selectByPrimaryKey" resultMap="BaseResultMap" parameterType="java.lang.Integer">
      select
      <include refid="Base_Column_List"/>
      from t_activiti_process
      where id = #{id,jdbcType=INTEGER}
  </select>
    
  <!-- 根据查询条件分页获取列表 -->
  <select id="getList" parameterType="com.boe.bank.common.bean.activiti.ActivitiProcessQueryBean" 
  	resultType="com.boe.bank.common.bean.activiti.ActivitiProcessDo">
    select 
    	ae.busniess_type as busniessType, ap.`name`, ap.id, ap.create_by, ap.status
    from t_activiti_process ap, t_activiti_examine ae
    <where>
    	ap.examine_id = ae.id
        and ap.is_delete = 0
        and ae.is_delete = 0
    	
    	<if test=" id != null">
			and ap.id = #{id,jdbcType=INTEGER}
		</if>
		
		<if test=" busniessType != null">
		    and ae.busniess_type = #{busniessType}
		</if>
		
		<if test=" status != null">
			and ap.status = #{status,jdbcType=INTEGER}
		</if>
		
		<if test=" name != null and name != ''">
			and ap.name like concat('%',#{name,jdbcType=VARCHAR},'%')
		</if>
	 </where>

    order by ap.create_time desc
  </select>

  <update id="deleteByPrimaryKey" parameterType="java.lang.Integer">
    update t_activiti_process set is_delete = unix_timestamp(now())
    where id = #{id,jdbcType=INTEGER}
  </update>
  
  <insert id="insertSelective" parameterType="com.boe.bank.common.entity.activiti.ActivitiProcess"
          keyProperty="id" useGeneratedKeys="true">
    insert into t_activiti_process
    <trim prefix="(" suffix=")" suffixOverrides=",">
      <if test="id != null">
        id,
      </if>
      <if test="name != null">
        name,
      </if>
      <if test="procdefId != null">
        procdef_id,
      </if>
      <if test="resourceData != null">
        resource_data,
      </if>
      <if test="examineId != null">
        examine_id,
      </if>
      <if test="status != null">
        status,
      </if>
      <if test="createUserId != null">
        create_user_id,
      </if>
      <if test="createBy != null">
        create_by,
      </if>
      <if test="updateBy != null">
        update_by,
      </if>
      <if test="createTime != null">
        create_time,
      </if>
      <if test="updateTime != null">
        update_time,
      </if>
    </trim>
    <trim prefix="values (" suffix=")" suffixOverrides=",">
      <if test="id != null">
        #{id,jdbcType=INTEGER},
      </if>
      <if test="name != null">
        #{name,jdbcType=VARCHAR},
      </if>
      <if test="procdefId != null">
        #{procdefId,jdbcType=VARCHAR},
      </if>
      <if test="resourceData != null">
        #{resourceData,jdbcType=VARCHAR},
      </if>
      <if test="examineId != null">
        #{examineId,jdbcType=INTEGER},
      </if>
      <if test="status != null">
        #{status,jdbcType=INTEGER},
      </if>
      <if test="createUserId != null">
        #{createUserId,jdbcType=BIGINT},
      </if>
      <if test="createBy != null">
        #{createBy,jdbcType=VARCHAR},
      </if>
      <if test="updateBy != null">
        #{updateBy,jdbcType=VARCHAR},
      </if>
      <if test="createTime != null">
        #{createTime,jdbcType=TIMESTAMP},
      </if>
      <if test="updateTime != null">
        #{updateTime,jdbcType=TIMESTAMP},
      </if>
    </trim>
  </insert>
  
  <update id="updateByPrimaryKeySelective" parameterType="com.boe.bank.common.entity.activiti.ActivitiProcess">
    update t_activiti_process
    <set>
      <if test="name != null">
        name = #{name,jdbcType=VARCHAR},
      </if>
      <if test="procdefId != null">
        procdef_id = #{procdefId,jdbcType=VARCHAR},
      </if>
      <if test="resourceData != null">
        resource_data = #{resourceData,jdbcType=VARCHAR},
      </if>
      <if test="examineId != null">
        examine_id = #{examineId,jdbcType=VARCHAR},
      </if>
      <if test="status != null">
        status = #{status,jdbcType=INTEGER},
      </if>
      <if test="createUserId != null">
        create_user_id = #{createUserId,jdbcType=BIGINT},
      </if>
      <if test="createBy != null">
        create_by = #{createBy,jdbcType=VARCHAR},
      </if>
      <if test="updateBy != null">
        update_by = #{updateBy,jdbcType=VARCHAR},
      </if>
      <if test="createTime != null">
        create_time = #{createTime,jdbcType=TIMESTAMP},
      </if>
      <if test="updateTime != null">
        update_time = #{updateTime,jdbcType=TIMESTAMP},
      </if>
    </set>
    where id = #{id,jdbcType=INTEGER}
  </update>
  
  <!--根据examineId查询-->
  <select id="getByExamineId" resultType="java.lang.Integer" parameterType="java.lang.Integer">
      select
      	id
      from t_activiti_process
      where is_delete = 0 and examine_id = #{examineId,jdbcType=INTEGER}
      limit 1
  </select>
  
  <!--根据processdefinitionId查询-->
  <select id="getByProcdefId" resultType="java.lang.Integer" parameterType="java.lang.String">
      select
      	id
      from t_activiti_process
      where procdef_id = #{processdefinitionId}
      limit 1
  </select>
  
   <!--根据busniessType查询-->
  <select id="getByBusniessType" resultType="java.lang.Integer" parameterType="java.lang.Integer">
      select
      	ap.id
     from t_activiti_process ap, t_activiti_examine ae
     <where>
       ap.is_delete = 0 and ae.is_delete = 0
       and ae.status = 0 and ap.status = 0
       and ap.examine_id = ae.id
		<if test=" busniessType != null">
		    and ae.busniess_type = #{busniessType}
		</if>
	  </where>
	  limit 1
  </select>
  
  
</mapper>