<?xml version="1.0" encoding="UTF-8"?>
<!DOCTYPE mapper PUBLIC "-//mybatis.org//DTD Mapper 3.0//EN" "http://mybatis.org/dtd/mybatis-3-mapper.dtd">
<mapper namespace="com.boe.bank.mapper.activiti.ActivitiExamineMapper">
  <resultMap id="BaseResultMap" type="com.boe.bank.common.entity.activiti.ActivitiExamine">
    <id column="id" jdbcType="INTEGER" property="id" />
    <result column="busniess_type" jdbcType="INTEGER" property="busniessType" />
    <result column="examine_type" jdbcType="VARCHAR" property="examineType" />
    <result column="status" jdbcType="INTEGER" property="status" />
    <result column="create_time" jdbcType="TIMESTAMP" property="createTime" />
    <result column="create_by" jdbcType="VARCHAR" property="createBy" />
    <result column="create_user_id" jdbcType="BIGINT" property="createUserId" />
    <result column="update_time" jdbcType="TIMESTAMP" property="updateTime" />
    <result column="update_by" jdbcType="VARCHAR" property="updateBy" />
  </resultMap>
  
  <sql id="Base_Column_List">
    id,busniess_type,examine_type,status,create_time,create_by,create_user_id,update_time,update_by
  </sql>
  
  <!--根据id查询-->
    <select id="selectByPrimaryKey" resultMap="BaseResultMap" parameterType="java.lang.Integer">
        select
        <include refid="Base_Column_List"/>
        from t_activiti_examine
        where id = #{id,jdbcType=INTEGER}
    </select>
  
  <!-- 根据查询条件分页获取列表 -->
  <select id="getList" parameterType="com.boe.bank.common.bean.activiti.ActivitiExamineQueryBean" resultMap="BaseResultMap">
    select 
    	<include refid="Base_Column_List"/>
    from t_activiti_examine
    <where>
        is_delete = 0
    	<if test=" id != null">
			and id = #{id,jdbcType=INTEGER}
		</if>
		<if test=" busniessType != null">
		    and busniess_type = #{busniessType}
		</if>
		<if test=" status != null">
			and status = #{status,jdbcType=INTEGER}
		</if>
		<if test=" examineType != null and examineType != ''">
			and examine_type like concat('%',#{examineType,jdbcType=VARCHAR},'%')
		</if>
		<if test=" createBy != null and createBy != ''">
			and create_by like concat('%',#{createBy,jdbcType=VARCHAR},'%')
		</if>
	 </where>

    order by create_time desc
  </select>

  <!-- 根据查询可用的条件分页获取列表 -->
  <select id="getAvailableList" parameterType="com.boe.bank.common.bean.activiti.ActivitiExamineQueryBean" resultMap="BaseResultMap">
    select
        ae.*
    from t_activiti_examine ae, t_activiti_process ap
    <where>
        ae.is_delete = 0
        and ae.status = 0
        and ae.id = ap.examine_id
        and ap.is_delete = 0
        and ap.status = 0
        and busniess_type = #{busniessType}
	 </where>

    order by ae.create_time desc
  </select>

  <select id="checkDuplicate" resultType="java.lang.Integer">
    select 
    	IFNULL(count(1), 0)
    from t_activiti_examine
    <where>
        is_delete = 0
    	and busniess_type = #{busniessType}
		<if test=" examineType != null and examineType != ''">
			and examine_type = #{examineType,jdbcType=VARCHAR}
		</if>
	 </where>
  </select>

  <update id="deleteByPrimaryKey" parameterType="java.lang.Integer">
    update t_activiti_examine set is_delete = 1
    where id = #{id,jdbcType=INTEGER}
  </update>
  
  <insert id="insertSelective" parameterType="com.boe.bank.common.entity.activiti.ActivitiExamine"
          keyProperty="id" useGeneratedKeys="true">
    insert into t_activiti_examine
    <trim prefix="(" suffix=")" suffixOverrides=",">
      <if test="id != null">
        id,
      </if>
      <if test="busniessType != null">
        busniess_type,
      </if>
      <if test="examineType != null">
        examine_type,
      </if>
      <if test="status != null">
        status,
      </if>
      <if test="createUserId != null">
        create_user_id,
      </if>
      <if test="createBy != null">
        create_by,
      </if>
      <if test="updateBy != null">
        update_by,
      </if>
      <if test="createTime != null">
        create_time,
      </if>
      <if test="updateTime != null">
        update_time,
      </if>
    </trim>
    <trim prefix="values (" suffix=")" suffixOverrides=",">
      <if test="id != null">
        #{id,jdbcType=INTEGER},
      </if>
      <if test="busniessType != null">
        #{busniessType,jdbcType=INTEGER},
      </if>
      <if test="examineType != null">
        #{examineType,jdbcType=VARCHAR},
      </if>
      <if test="status != null">
        #{status,jdbcType=INTEGER},
      </if>
      <if test="createUserId != null">
        #{createUserId,jdbcType=BIGINT},
      </if>
      <if test="createBy != null">
        #{createBy,jdbcType=VARCHAR},
      </if>
      <if test="updateBy != null">
        #{updateBy,jdbcType=VARCHAR},
      </if>
      <if test="createTime != null">
        #{createTime,jdbcType=TIMESTAMP},
      </if>
      <if test="updateTime != null">
        #{updateTime,jdbcType=TIMESTAMP},
      </if>
    </trim>
  </insert>
  
  <update id="updateByPrimaryKeySelective" parameterType="com.boe.bank.common.entity.activiti.ActivitiExamine">
    update t_activiti_examine
    <set>
      <if test="busniessType != null">
        busniess_type = #{busniessType,jdbcType=INTEGER},
      </if>
      <if test="examineType != null">
        examine_type = #{examineType,jdbcType=VARCHAR},
      </if>
      <if test="status != null">
        status = #{status,jdbcType=INTEGER},
      </if>
      <if test="createUserId != null">
        create_user_id = #{createUserId,jdbcType=BIGINT},
      </if>
      <if test="createBy != null">
        create_by = #{createBy,jdbcType=VARCHAR},
      </if>
      <if test="updateBy != null">
        update_by = #{updateBy,jdbcType=VARCHAR},
      </if>
      <if test="createTime != null">
        create_time = #{createTime,jdbcType=TIMESTAMP},
      </if>
      <if test="updateTime != null">
        update_time = #{updateTime,jdbcType=TIMESTAMP},
      </if>
    </set>
    where id = #{id,jdbcType=INTEGER}
  </update>
  
  
</mapper>