<?xml version="1.0" encoding="UTF-8"?>
<!DOCTYPE mapper PUBLIC "-//mybatis.org//DTD Mapper 3.0//EN" "http://mybatis.org/dtd/mybatis-3-mapper.dtd">
<mapper
	namespace="com.boe.bank.mapper.activiti.ActivitiOuterRelationMapper">
	<resultMap id="BaseResultMap"
		type="com.boe.bank.common.entity.activiti.ActivitiOuterRelation">
		<id column="id" jdbcType="INTEGER" property="id" />
		<result column="busniess_type" jdbcType="INTEGER" property="busniessType" />
		<result column="outer_id" jdbcType="INTEGER" property="outerId" />
		<result column="process_instance_id" jdbcType="VARCHAR" property="processInstanceId" />
		<result column="create_time" jdbcType="TIMESTAMP" property="createTime" />
		<result column="create_user_id" jdbcType="BIGINT" property="createUserId" />
		<result column="is_delete" jdbcType="BIT" property="isDelete" />
		<result column="examine_id" jdbcType="INTEGER" property="examineId" />
		<result column="outer_type" jdbcType="INTEGER" property="outerType" />
		<result column="show_id" jdbcType="VARCHAR" property="showId" />
	</resultMap>


	<sql id="Base_Column_List">
		id,busniess_type,outer_id,process_instance_id,create_time,create_user_id, is_delete, examine_id, outer_type, show_id
	</sql>

	<!--根据id查询 -->
	<!-- <select id="selectByPrimaryKey" resultMap="BaseResultMap" parameterType="java.lang.Integer"> -->
	<!-- select -->
	<!-- <include refid="Base_Column_List"/> -->
	<!-- from t_activiti_outer_relation -->
	<!-- where id = #{id,jdbcType=INTEGER} -->
	<!-- </select> -->

	<!-- 根据查询条件获取列表 -->
	<select id="getList" resultMap="BaseResultMap">
		select
		<include refid="Base_Column_List" />
		from t_activiti_outer_relation
		<where>
			is_delete = 0
			and busniess_type = #{busniessType}
			<if test="outerIds !=null and outerIds.size>0">
				and outer_id in
				<foreach collection="outerIds" item="orgId" index="index"
					open="(" close=")" separator=",">
					#{orgId}
				</foreach>
			</if>
		</where>
	</select>

	<select id="getByBusniessTypeAndOuterId" resultMap="BaseResultMap">
		select
			<include refid="Base_Column_List" />
		from t_activiti_outer_relation
		<where>
			is_delete = 0
			and busniess_type = #{busniessType}
			and outer_id = #{outerId}
			<if test="outerType != null and outerType > 0">
				and outer_type = #{outerType}
			</if>
		</where>

		limit 1
	</select>

	<select id="getByBusniessTypeAndProcessInstanceId" resultMap="BaseResultMap">
		select
		<include refid="Base_Column_List" />
		from t_activiti_outer_relation
		<where>
			busniess_type = #{busniessType}
			and process_instance_id = #{processInstanceId}
		</where>
		limit 1
	</select>
	
	<select id="getByProcessInstanceId" resultMap="BaseResultMap">
		select
		<include refid="Base_Column_List" />
		from t_activiti_outer_relation
		<where>
			is_delete = 0
			and process_instance_id = #{processInstanceId}
		</where>
		limit 1
	</select>

	<update id="deleteByPrimaryKey" parameterType="java.lang.Integer">
		update t_activiti_outer_relation
		set is_delete = 1
		where is_delete = 0 
			and id = #{id,jdbcType=INTEGER}
	</update>
		
	<insert id="insertSelective"
		parameterType="com.boe.bank.common.entity.activiti.ActivitiOuterRelation"
		keyProperty="id" useGeneratedKeys="true">
		insert into t_activiti_outer_relation
		<trim prefix="(" suffix=")" suffixOverrides=",">
			<if test="id != null">
				id,
			</if>
			<if test="busniessType != null">
				busniess_type,
			</if>
			<if test="outerId != null">
				outer_id,
			</if>
			<if test="processInstanceId != null">
				process_instance_id,
			</if>
			<if test="createUserId != null">
				create_user_id,
			</if>
			<if test="createTime != null">
				create_time,
			</if>
			<if test="examineId != null">
				examine_id,
			</if>
			<if test="outerType != null">
				outer_type,
			</if>
			<if test="showId != null">
				show_id,
			</if>
		</trim>
		<trim prefix="values (" suffix=")" suffixOverrides=",">
			<if test="id != null">
				#{id,jdbcType=INTEGER},
			</if>
			<if test="busniessType != null">
				#{busniessType,jdbcType=INTEGER},
			</if>
			<if test="outerId != null">
				#{outerId,jdbcType=INTEGER},
			</if>
			<if test="processInstanceId != null">
				#{processInstanceId,jdbcType=VARCHAR},
			</if>
			<if test="createUserId != null">
				#{createUserId,jdbcType=BIGINT},
			</if>
			<if test="createTime != null">
				#{createTime,jdbcType=TIMESTAMP},
			</if>
			<if test="examineId != null">
				#{examineId,jdbcType=INTEGER},
			</if>
			<if test="outerType != null">
				#{outerType,jdbcType=INTEGER},
			</if>
			<if test="showId != null">
				#{showId,jdbcType=VARCHAR},
			</if>
		</trim>
	</insert>
	
	<update id="deleteByBusniessTypeAndOuterId">
		update t_activiti_outer_relation
		set is_delete = 1
		where is_delete = 0 
			and busniess_type = #{busniessType,jdbcType=INTEGER}
			and outer_id = #{outerId}
	</update>

	<select id="getAllByBusniessTypeAndUserId" resultMap="BaseResultMap">
		select
		<include refid="Base_Column_List" />
		from t_activiti_outer_relation
		<where>
			create_user_id = #{userId}
			and busniess_type = #{busniessType}
		</where>
	</select>

	<!-- 待我审批 -->
	<select id="getTodoProcessList" resultType="com.boe.bank.common.bean.activiti.ActivitiProcessOrgDo">
		SELECT  aor.process_instance_id as processInstanceId, aor.outer_id as outerId,
			 aor.create_user_id as createUserId, aor.create_time as createTime,
			 aor.show_id as showId, aor.outer_type as outerType, art.ID_ as taskId
		from 
			t_activiti_outer_relation as aor, 
			ACT_HI_PROCINST as ahp,
			(SELECT PROC_INST_ID_ as pii, ID_ FROM `ACT_RU_TASK` where ASSIGNEE_ = #{userId}) as art
		WHERE
			busniess_type = #{busniessType}
			and aor.process_instance_id = art.pii
			and aor.process_instance_id = ahp.PROC_INST_ID_

			<if test="endActIds != null and endActIds.size > 0">
				<choose>
					<when test="endActIds[0] == 'todo'">
						and ahp.END_ACT_ID_ is null
					</when>
					<otherwise>
						and ahp.END_ACT_ID_ in
						<foreach collection="endActIds" item="item" index="index"
								 open="(" close=")" separator=",">
							#{item}
						</foreach>
					</otherwise>
				</choose>
			</if>

			<if test="outerIds != null and outerIds.size > 0">
				and aor.outer_id in
				<foreach collection="outerIds" item="item" index="index"
						 open="(" close=")" separator=",">
					#{item}
				</foreach>
			</if>

			<if test="outerTypes != null and outerTypes.size > 0">
				and aor.outer_type in
				<foreach collection="outerTypes" item="item" index="index"
						 open="(" close=")" separator=",">
					#{item}
				</foreach>
			</if>

		order by aor.create_time desc
	</select>

	<select id="getProcessStatus" resultType="com.boe.bank.common.bean.activiti.ActivitiProcessOrgDo">
		SELECT PROC_INST_ID_ as processInstanceId, MESSAGE_ as processStatus
		FROM `ACT_HI_COMMENT`
		where

		<if test="processInstanceIds != null and processInstanceIds.size > 0">
			PROC_INST_ID_ in
			<foreach collection="processInstanceIds" item="item" index="index"
					 open="(" close=")" separator=",">
				#{item}
			</foreach>
		</if>

		and MESSAGE_ like '拒绝:%'
	</select>

	<!-- 我提交的 -->
	<select id="getMyProcessList" resultType="com.boe.bank.common.bean.activiti.ActivitiProcessOrgDo">
  		SELECT  aor.process_instance_id as processInstanceId, ahp.END_ACT_ID_ as eai, aor.outer_id as outerId,
			 aor.create_user_id as createUserId, aor.create_time as createTime,
			aor.show_id as showId, aor.outer_type as outerType
		from t_activiti_outer_relation as aor,
			 ACT_HI_PROCINST as ahp
		WHERE
			aor.busniess_type = #{busniessType}
  			and	aor.process_instance_id = ahp.PROC_INST_ID_
			and ahp.START_USER_ID_ = #{userId}

			<if test="endActIds != null and endActIds.size > 0">
				<choose>
					<when test="endActIds[0] == 'todo'">
						and ahp.END_ACT_ID_ is null
					</when>
					<otherwise>
						and ahp.END_ACT_ID_ in
						<foreach collection="endActIds" item="item" index="index"
								 open="(" close=")" separator=",">
							#{item}
						</foreach>
					</otherwise>
				</choose>
			</if>

			<if test="outerIds != null and outerIds.size > 0">
				and aor.outer_id in
				<foreach collection="outerIds" item="item" index="index"
						 open="(" close=")" separator=",">
					#{item}
				</foreach>
			</if>

			<if test="outerTypes != null and outerTypes.size > 0">
				and aor.outer_type in
				<foreach collection="outerTypes" item="item" index="index"
						 open="(" close=")" separator=",">
					#{item}
				</foreach>
			</if>

		order by aor.create_time desc
	</select>

	<!-- 我审批的 -->
	<select id="getExaminedProcessList" resultType="com.boe.bank.common.bean.activiti.ActivitiProcessOrgDo">
		select * from (
			<!--普通流程-->
			<if test="processStatus == null || processStatus != 4">
				SELECT  aor.process_instance_id as processInstanceId, aor.outer_id as outerId,
				aor.create_user_id as createUserId, aor.create_time as createTime,
				ahp.END_ACT_ID_ as eai,
				IF(substr(ahc.MESSAGE_, 1, LOCATE(":", ahc.MESSAGE_) - 1) = '拒绝', ahc.MESSAGE_, '通过') as processStatus,
				aor.show_id as showId, aor.outer_type as outerType
				from t_activiti_outer_relation as aor,
					ACT_HI_PROCINST as ahp,
					ACT_HI_COMMENT as ahc
				WHERE
					ahc.PROC_INST_ID_ = ahp.PROC_INST_ID_
					and ahc.USER_ID_ = #{userId}
					and aor.busniess_type = #{busniessType}
					and aor.process_instance_id = ahc.PROC_INST_ID_

				<if test="processStatus != null">
					<if test="processStatus == 1">
						and ahc.MESSAGE_ LIKE '通过%'
					</if>
					<if test="processStatus == 2">
						and ahc.MESSAGE_ LIKE '拒绝%'
					</if>
				</if>

				<if test="endActIds != null and endActIds.size > 0">
					<choose>
						<when test="endActIds[0] == 'todo'">
							and ahp.END_ACT_ID_ is null
						</when>
						<otherwise>
							and ahp.END_ACT_ID_ in
							<foreach collection="endActIds" item="item" index="index"
									 open="(" close=")" separator=",">
								#{item}
							</foreach>
						</otherwise>
					</choose>
				</if>

				<if test="outerIds != null and outerIds.size > 0">
					and aor.outer_id in
					<foreach collection="outerIds" item="item" index="index"
							 open="(" close=")" separator=",">
						#{item}
					</foreach>
				</if>

				<if test="outerTypes != null and outerTypes.size > 0">
					and aor.outer_type in
					<foreach collection="outerTypes" item="item" index="index"
							 open="(" close=")" separator=",">
						#{item}
					</foreach>
				</if>
			</if>

			<if test="processStatus == null">
				union
			</if>

			<!--转办流程-->
			<if test="processStatus == null || processStatus == 4">
				SELECT  aor.process_instance_id as processInstanceId, aor.outer_id as outerId,
				aor.create_user_id as createUserId, aor.create_time as createTime,
				ahp.END_ACT_ID_ as eai, '转办' as processStatus,
				aor.show_id as showId, aor.outer_type as outerType
				from t_activiti_outer_relation as aor,
				t_activiti_transfer as tat,
				ACT_HI_PROCINST as ahp
				WHERE
				tat.from_user_id = #{userId}
				and aor.busniess_type = #{busniessType}
				and aor.process_instance_id = tat.PROC_INST_ID_
				and aor.process_instance_id = ahp.PROC_INST_ID_

				<if test="endActIds != null and endActIds.size > 0">
					<choose>
						<when test="endActIds[0] == 'todo'">
							and ahp.END_ACT_ID_ is null
						</when>
						<otherwise>
							and ahp.END_ACT_ID_ in
							<foreach collection="endActIds" item="item" index="index"
									 open="(" close=")" separator=",">
								#{item}
							</foreach>
						</otherwise>
					</choose>
				</if>

				<if test="outerIds != null and outerIds.size > 0">
					and aor.outer_id in
					<foreach collection="outerIds" item="item" index="index"
							 open="(" close=")" separator=",">
						#{item}
					</foreach>
				</if>

				<if test="outerTypes != null and outerTypes.size > 0">
					and aor.outer_type in
					<foreach collection="outerTypes" item="item" index="index"
							 open="(" close=")" separator=",">
						#{item}
					</foreach>
				</if>
			</if>
		) as tmp

		order by createTime desc
	</select>

	<!-- 我转办的 -->
	<select id="getTransferProcessList" resultType="com.boe.bank.common.bean.activiti.ActivitiProcessOrgDo">
		SELECT  aor.process_instance_id as processInstanceId, aor.outer_id as outerId,
			aor.create_user_id as createUserId, aor.create_time as createTime,
			ahp.END_ACT_ID_ as eai, '转办' as processStatus,
			aor.show_id as showId, aor.outer_type as outerType
		from t_activiti_outer_relation as aor,
			t_activiti_transfer as tat,
			ACT_HI_PROCINST as ahp
		WHERE
			tat.from_user_id = #{userId}
			and aor.busniess_type = #{busniessType}
			and aor.process_instance_id = tat.PROC_INST_ID_
			and aor.process_instance_id = ahp.PROC_INST_ID_

			<if test="endActIds != null and endActIds.size > 0">
				<choose>
					<when test="endActIds[0] == 'todo'">
						and ahp.END_ACT_ID_ is null
					</when>
					<otherwise>
						and ahp.END_ACT_ID_ in
						<foreach collection="endActIds" item="item" index="index"
								 open="(" close=")" separator=",">
							#{item}
						</foreach>
					</otherwise>
				</choose>
			</if>

			<if test="outerIds != null and outerIds.size > 0">
				and aor.outer_id in
				<foreach collection="outerIds" item="item" index="index"
						 open="(" close=")" separator=",">
					#{item}
				</foreach>
			</if>

			<if test="outerTypes != null and outerTypes.size > 0">
				and aor.outer_type in
				<foreach collection="outerTypes" item="item" index="index"
						 open="(" close=")" separator=",">
					#{item}
				</foreach>
			</if>

	</select>
	
	<!-- 待我审批的数量 -->
	<select id="getTodoCount" resultType="java.lang.Integer">
		SELECT ifnull(count(1),0)
		from 
			t_activiti_outer_relation as aor, 
			(SELECT PROC_INST_ID_ as pii FROM `ACT_RU_TASK` where ASSIGNEE_ = #{userId}) as art
		WHERE 
			aor.process_instance_id = art.pii
			<if test="busniessType != null">
				and busniess_type = #{busniessType} 
			</if>
	</select>
	
	<!-- 我审批的数量 -->
	<select id="getExaminedCount" resultType="java.lang.Integer">
		SELECT  ifnull(count(1),0)
		from t_activiti_outer_relation as aor, 
			(SELECT DISTINCT PROC_INST_ID_ as pii FROM `ACT_HI_ACTINST` where ASSIGNEE_ = #{userId}) as aha
		WHERE 
			aor.process_instance_id = aha.pii
			<if test="busniessType != null">
				and aor.busniess_type = #{busniessType}
			</if>
	</select>

	<update id="abandon" >
		update ACT_HI_PROCINST
		set END_ACT_ID_ = 'abandonedEnd'
		where PROC_INST_ID_ = #{procInstId}
	</update>


</mapper>