<?xml version="1.0" encoding="UTF-8"?>
<!DOCTYPE mapper PUBLIC "-//mybatis.org//DTD Mapper 3.0//EN" "http://mybatis.org/dtd/mybatis-3-mapper.dtd">
<mapper namespace="com.boe.bank.mapper.appliedbizmanege.AppliedBizManegeMapper">
    <resultMap id="BaseResultMap" type="com.boe.bank.common.entity.appliedbizmanege.AppliedBizManege">

        <id column="id" property="id" jdbcType="INTEGER"/>
        <result column="biz_name" property="bizName" jdbcType="VARCHAR"/>
        <result column="biz_table_name" property="bizTableName" jdbcType="VARCHAR"/>
        <result column="biz_fields" property="bizFields" jdbcType="VARCHAR"/>
        <result column="biz_components" property="bizComponents" jdbcType="VARCHAR"/>
        <result column="biz_uri" property="bizUri" jdbcType="VARCHAR" />
        <result column="remark" property="remark" jdbcType="VARCHAR" />
        <result column="create_by" property="createBy" jdbcType="VARCHAR"/>
        <result column="update_by" property="updateBy" jdbcType="VARCHAR"/>
        <result column="create_time" property="createTime" jdbcType="TIMESTAMP"/>
        <result column="update_time" property="updateTime" jdbcType="TIMESTAMP"/>
        <result column="create_user_id" property="createUserId" jdbcType="BIGINT"/>
        <result column="examine_id" property="examineId" jdbcType="INTEGER"/>
    </resultMap>
    <sql id="Base_Column_List">
        id, biz_name, biz_table_name, biz_fields, biz_components, biz_uri, remark, create_by,
        update_by, create_time, update_time,create_user_id,examine_id
    </sql>

    <select id="selectByPrimaryKey" parameterType="java.lang.Integer" resultMap="BaseResultMap">
        select
        <include refid="Base_Column_List" />
        from t_applied_biz_manege
        where id = #{id,jdbcType=INTEGER}
    </select>

    <select id="searchAppliedBizManegeList" parameterType="com.boe.bank.common.bean.appliedbizmanege.AppliedBizManegeSearchBean" resultMap="BaseResultMap">
        select
        <include refid="Base_Column_List" />
        from t_applied_biz_manege
        <where>
            1=1
            <if test="bizName!=null and bizName!=''">
               and biz_name like concat('%', #{bizName}, '%')
            </if>
        </where>
        order by create_time desc
    </select>

    <select id="getAutoIncrementId"  resultType="java.lang.Integer">
        select max(CONVERT(SUBSTRING_INDEX(biz_table_name,'_',-1),SIGNED))
        from t_applied_biz_manege
    </select>

    <delete id="deleteByPrimaryKey" parameterType="java.lang.Integer">
        delete from t_applied_biz_manege
        where id = #{id,jdbcType=INTEGER}
    </delete>

    <insert id="insert" parameterType="com.boe.bank.common.entity.appliedbizmanege.AppliedBizManege" useGeneratedKeys="true" keyProperty="id">
        insert into t_applied_biz_manege (id, biz_name, biz_table_name,
          biz_fields, biz_components, biz_uri,
          remark,examine_id, create_by, create_time,create_user_id)
        values (#{id,jdbcType=INTEGER}, #{bizName,jdbcType=VARCHAR}, #{bizTableName,jdbcType=VARCHAR},
          #{bizFields,jdbcType=VARCHAR}, #{bizComponents,jdbcType=VARCHAR}, #{bizUri,jdbcType=VARCHAR},
          #{remark,jdbcType=VARCHAR}, #{examineId,jdbcType=INTEGER},#{createBy,jdbcType=VARCHAR},#{createTime,jdbcType=TIMESTAMP},#{createUserId})
    </insert>

    <insert id="insertSelective" parameterType="com.boe.bank.common.entity.appliedbizmanege.AppliedBizManege">
        insert into t_applied_biz_manege
        <trim prefix="(" suffix=")" suffixOverrides=",">
            <if test="id != null">
                id,
            </if>
            <if test="bizName != null">
                biz_name,
            </if>
            <if test="bizTableName != null">
                biz_table_name,
            </if>
            <if test="bizFields != null">
                biz_fields,
            </if>
            <if test="bizComponents != null">
                biz_components,
            </if>
            <if test="bizUri != null">
                biz_uri,
            </if>
            <if test="remark != null">
                remark,
            </if>
            <if test="createBy != null">
                create_by,
            </if>
            <if test="updateBy != null">
                update_by,
            </if>
            <if test="createTime != null">
                create_time,
            </if>
            <if test="updateTime != null">
                update_time,
            </if>
            <if test="createUserId != null">
                create_user_id,
            </if>
        </trim>
        <trim prefix="values (" suffix=")" suffixOverrides=",">
            <if test="id != null">
                #{id,jdbcType=INTEGER},
            </if>
            <if test="bizName != null">
                #{bizName,jdbcType=VARCHAR},
            </if>
            <if test="bizTableName != null">
                #{bizTableName,jdbcType=VARCHAR},
            </if>
            <if test="bizFields != null">
                #{bizFields,jdbcType=VARCHAR},
            </if>
            <if test="bizComponents != null">
                #{bizComponents,jdbcType=VARCHAR},
            </if>
            <if test="bizUri != null">
                #{bizUri,jdbcType=VARCHAR},
            </if>
            <if test="remark != null">
                #{remark,jdbcType=VARCHAR},
            </if>
            <if test="createBy != null">
                #{createBy,jdbcType=VARCHAR},
            </if>
            <if test="updateBy != null">
                #{updateBy,jdbcType=VARCHAR},
            </if>
            <if test="createTime != null">
                #{createTime,jdbcType=TIMESTAMP},
            </if>
            <if test="updateTime != null">
                #{updateTime,jdbcType=TIMESTAMP},
            </if>
            <if test="createUserId != null">
                #{create_user_id},
            </if>
        </trim>
    </insert>

    <update id="updateByPrimaryKey" parameterType="com.boe.bank.common.entity.appliedbizmanege.AppliedBizManege"
            keyProperty="id" useGeneratedKeys="true">
        update t_applied_biz_manege
        <set>
            <if test="bizName != null">
                biz_name = #{bizName,jdbcType=VARCHAR},
            </if>
            <if test="bizTableName != null">
                biz_table_name = #{bizTableName,jdbcType=VARCHAR},
            </if>
            <if test="bizFields != null">
                biz_fields = #{bizFields,jdbcType=VARCHAR},
            </if>
            <if test="bizComponents != null">
                biz_components = #{bizComponents,jdbcType=VARCHAR},
            </if>
            <if test="bizUri != null">
                biz_uri = #{bizUri,jdbcType=VARCHAR},
            </if>
            <if test="examineId != null">
                examine_id = #{examineId,jdbcType=VARCHAR},
            </if>
            <if test="remark != null">
                remark = #{remark,jdbcType=VARCHAR},
            </if>
            <if test="createBy != null">
                create_by = #{createBy,jdbcType=VARCHAR},
            </if>
            <if test="updateBy != null">
                update_by = #{updateBy,jdbcType=VARCHAR},
            </if>
            <if test="createTime != null">
                create_time = #{createTime,jdbcType=TIMESTAMP},
            </if>
            <if test="updateTime != null">
                update_time = #{updateTime,jdbcType=TIMESTAMP},
            </if>
            <if test="createUserId != null">
                create_user_id = #{createUserId,jdbcType=BIGINT},
            </if>

        </set>
        where id = #{id,jdbcType=INTEGER}
    </update>

    <update id="updateBizUriByPrimaryKey">
        update t_applied_biz_manege
        set
          biz_uri = #{bizUri,jdbcType=VARCHAR}
        where id = #{id,jdbcType=INTEGER}
    </update>
    <update id="updateInfo" parameterType="com.boe.bank.common.entity.appliedbizmanege.AppliedBizManege"
            keyProperty="id" useGeneratedKeys="true">
        update t_applied_biz_manege
        <set>
            <if test="bizName != null">
                biz_name = #{bizName,jdbcType=VARCHAR},
            </if>
            <if test="bizComponents != null">
                biz_components = #{bizComponents,jdbcType=VARCHAR},
            </if>
            <if test="examineId != null">
                examine_id = #{examineId,jdbcType=VARCHAR},
            </if>
            <if test="remark != null">
                remark = #{remark,jdbcType=VARCHAR},
            </if>
        </set>
        where id = #{id,jdbcType=INTEGER}
    </update>

    <update id="executeSQLScript" parameterType="java.lang.String">
        ${sql}
    </update>

    <update id="dropTable" parameterType="java.lang.String">
        drop table if exists ${tableName}
    </update>

    <select id="selectAppliedData" parameterType="java.lang.String" resultType="java.lang.Long">
        select count(id) from ${tableName}
    </select>

    <select id="selectModuleOfData" parameterType="java.lang.String" resultType="java.util.HashMap">
        ${sql}
    </select>

    <select id="selectModuleDataById" parameterType="java.lang.String" resultType="java.util.HashMap">
         select * from ${tableName} where id=${id}
    </select>

    <delete id="deleteModuleData">
        delete from ${tableName} where id=${id}
    </delete>

    <insert id="insertInfoByExcelData" parameterType="java.util.Map" >
        insert into ${tablename}
        <foreach collection="keys" item="k" index="index" open="(" separator="," close=")">
            ${k}
        </foreach>
        values
        <foreach collection="keys" item="k" index="index" open="(" separator="," close=")">
            '${params[k]}'
        </foreach>
    </insert>

    <delete id="batchDeletes" parameterType="java.util.Map">

        delete from ${tableName} where id in
        <foreach collection="ids" index="index" item="item" open="(" separator="," close=")">
            #{item}
        </foreach>

    </delete>

    <update id="updateExamineStatus" parameterType="java.util.Map">
        update ${tableName} set examine_status=#{examineStatus} where id=#{id}
    </update>

    <select id="queryAppNameIsExist" parameterType="java.lang.String" resultType="java.lang.Integer">
        select
        count(id)
        from t_applied_biz_manege
        <where>
          biz_name=#{bizName}
        </where>
        limit 1
    </select>

    <select id="getLikeName" resultType="java.lang.Integer">
        SELECT
            id
        FROM
            t_applied_biz_manege
        WHERE
            biz_name LIKE CONCAT ('%',#{bizName,jdbcType=VARCHAR},'%')
    </select>

    <select id="selectExportData" parameterType="java.lang.String" resultType="java.util.LinkedHashMap">
        ${sql}
    </select>
</mapper>