<?xml version="1.0" encoding="UTF-8" ?>
<!DOCTYPE mapper PUBLIC "-//mybatis.org//DTD Mapper 3.0//EN" "http://mybatis.org/dtd/mybatis-3-mapper.dtd" >
<mapper namespace="com.boe.bank.mapper.areaMapper.AreaMapper">
    <resultMap id="BaseResultMap" type="com.boe.bank.common.entity.area.Area">
        <id column="id" property="id" jdbcType="INTEGER"/>
        <result column="title" property="title" jdbcType="VARCHAR"/>
        <result column="remark" property="remark" jdbcType="VARCHAR"/>
        <result column="create_by" property="createBy" jdbcType="VARCHAR"/>
        <result column="org_id" property="orgId" jdbcType="BIGINT"/>
        <result column="name" property="orgName" jdbcType="VARCHAR"/>
        <result column="department_name" property="departmentName" jdbcType="VARCHAR"/>
        <result column="department_id" property="departmentId" jdbcType="BIGINT"/>
        <result column="create_time" property="createTime" jdbcType="TIMESTAMP"/>
        <result column="update_time" property="updateTime" jdbcType="TIMESTAMP"/>
        <result column="update_by" property="updateBy" jdbcType="VARCHAR"/>
        <result column="update_by" property="updateBy" jdbcType="VARCHAR"/>
        <result column="create_user_id" property="createUserId" jdbcType="BIGINT"/>
    </resultMap>

    <sql id="Base_Area_List">
           id,title,remark,org_id,department_id
    </sql>

    <sql id="Base_Area_LikeList">
            a.id,
            a.title,
            a.org_id,
            a.department_id,
            a.create_time,
            a.remark,
            (SELECT so.name FROM sys_organization so WHERE so.type =2 AND so.id = a.department_id) department_name,
            (SELECT sl.name FROM sys_organization sl WHERE sl.type =1 AND sl.id = a.org_id) name
    </sql>

    <!--添加区域-->
    <insert id="insertArea" parameterType="com.boe.bank.common.entity.area.Area"
            keyProperty="id" useGeneratedKeys="true">
        insert into sys_area
        <trim prefix="(" suffix=")" suffixOverrides=",">
            <if test="title != null and title != ''">
                title,
            </if>
            <if test="remark != null and remark != ''">
                remark,
            </if>
            <if test="orgId != null and orgId >0 ">
                org_id,
            </if>
            <if test="departmentId != null and departmentId >0">
                department_id,
            </if>
            <if test="createBy != null and createBy != ''">
                create_by,
            </if>
            <if test="createUserId != null and createUserId >0">
                create_user_id,
            </if>
            create_time
        </trim>
        <trim prefix="values (" suffix=")" suffixOverrides=",">
            <if test="title != null and title != ''">
                #{title,jdbcType=VARCHAR},
            </if>
            <if test="remark != null and remark != ''">
                #{remark,jdbcType=VARCHAR},
            </if>
            <if test="orgId != null and orgId >0">
                #{orgId,jdbcType=BIGINT},
            </if>
            <if test="departmentId != null and departmentId >0">
                #{departmentId,jdbcType=BIGINT},
            </if>
            <if test="createBy != null and createBy != ''">
                #{createBy,jdbcType=VARCHAR},
            </if>
            <if test="createUserId != null and createUserId >0">
                #{createUserId,jdbcType=BIGINT},
            </if>
            now()
        </trim>
    </insert>

    <!--根据id查询-->
    <select id="selectByPrimaryKey" resultMap="BaseResultMap" parameterType="java.lang.Integer">
        select
        <include refid="Base_Area_List"/>
        from sys_area
        where id = #{id,jdbcType=INTEGER}
    </select>

    <!--分页条件查询-->
    <select id="getAreaList" resultMap="BaseResultMap" >
        select
        <include refid="Base_Area_LikeList"/>
        from sys_area a
        left join
            sys_organization o
        on a.org_id = o.id
        <where>
            <if test="areaSearchBean.title!=null and areaSearchBean.title!=''">
                and a.title like CONCAT ('%',#{areaSearchBean.title,jdbcType=VARCHAR},'%')
            </if>
            <if test="areaSearchBean.departmentId!=null and areaSearchBean.departmentId>0">
                and a.department_id = #{areaSearchBean.departmentId,jdbcType=BIGINT}
            </if>
            <if test="areaList!=null and areaList.size>0">
                and a.org_id in
                <foreach collection="areaList" item="orgId" index="index" open="(" close=")" separator=",">
                    #{orgId}
                </foreach>
            </if>
        </where>
        order by a.create_time desc
    </select>


    <select id="getAreaNameList" resultMap="BaseResultMap" >
        select id,title from sys_area
        <where>
            <if test="areaList!=null and areaList.size>0">
                and org_id in
                <foreach collection="areaList" item="orgId" index="index" open="(" close=")" separator=",">
                    #{orgId}
                </foreach>
            </if>
        </where>
        order by create_time asc
    </select>

    <!--区域删除-->
    <delete id="deleteAreaById"  parameterType="java.lang.String">
        delete
        from sys_area
        where id in
        <foreach collection="array" item="id" open="(" separator="," close=")">
            #{id}
        </foreach>
    </delete>

    <!--区域修改-->
    <update id="updateArea" parameterType="com.boe.bank.common.entity.area.Area"
            keyProperty="id" useGeneratedKeys="true">
        update sys_area
        <set>
            <if test="title != null and title!=''">
                title = #{title,jdbcType=VARCHAR},
            </if>
            <if test="orgId != null and orgId>0">
                org_id = #{orgId,jdbcType=BIGINT},
            </if>
            <if test="departmentId != null and departmentId>0">
                department_id = #{departmentId,jdbcType=BIGINT},
            </if>
            <if test="remark != null ">
                remark = #{remark,jdbcType=VARCHAR},
            </if>
            <if test="updateBy != null and updateBy!=''">
                update_by = #{updateBy,jdbcType=VARCHAR},
            </if>
            <if test="updateTime != null ">
                update_time = #{updateTime,jdbcType=TIMESTAMP},
            </if>
        </set>
        where id = #{id,jdbcType=INTEGER}
    </update>

    <!--根据部门id查询相同的分区名称-->
    <select id="selectByDepId" resultType="java.lang.Integer" >
        select count(*)
        from sys_area a
        where a.department_id =#{departmentId,jdbcType=INTEGER}
        and a.title=#{title,jdbcType=VARCHAR}
    </select>

    <select id="listByIds" parameterType="java.util.List" resultMap="BaseResultMap">
        select
        <include refid="Base_Area_List"/>
        from sys_area
        where id in
        <foreach collection="idList" item="item" index="index" open="(" close=")" separator=",">
            #{item}
        </foreach>
    </select>
</mapper>