<?xml version="1.0" encoding="UTF-8" ?>
<!DOCTYPE mapper PUBLIC "-//mybatis.org//DTD Mapper 3.0//EN" "http://mybatis.org/dtd/mybatis-3-mapper.dtd" >
<mapper namespace="com.boe.bank.mapper.dataroleMapper.DataRoleMapper">

    <resultMap id="BaseResultMap" type="com.boe.bank.common.entity.datarolebean.DataRole">
        <id column="id" property="id" jdbcType="INTEGER"/>
        <result column="role_id" property="roleId" jdbcType="BIGINT"/>
        <result column="org_id" property="orgId" jdbcType="BIGINT"/>
        <result column="create_by" property="createBy" jdbcType="VARCHAR"/>
        <result column="create_time" property="createTime" jdbcType="TIMESTAMP"/>
        <result column="create_user_id" property="createUserId" jdbcType="BIGINT"/>
    </resultMap>

    <sql id="Base_DataRole_One">
        id,role_id,org_id
    </sql>

    <!--数据权限-添加-->
    <insert id="insertDataRole" parameterType="com.boe.bank.common.entity.datarolebean.DataRole">
        insert into sys_data_role (role_id,org_id,create_user_id,create_by,create_time)
        VALUES
        <foreach collection="list" item="dataRolea" separator=",">
            (#{roleId},#{dataRolea.orgId},#{dataRolea.createUserId},#{dataRolea.createBy},#{dataRolea.createTime})
        </foreach>
    </insert>


    <!--数据权限-根据id查询详细信息-->
    <select id="getDataRoleByRoleId" resultMap="BaseResultMap" parameterType="java.lang.Integer">
        SELECT
        <include refid="Base_DataRole_One"/>
        FROM
        sys_data_role
        where role_id = #{id,jdbcType=INTEGER}
    </select>

    <!--数据权限-根据角色id删除-->
    <delete id="deleteDataRoleByRoleId"  parameterType="java.lang.Integer">
        delete from  sys_data_role  where role_id = #{roleId}
    </delete>


    <!-- 角色批量获取机构id-->
    <select id="getDataRoleList" resultType="java.lang.Integer" >
        SELECT
        distinct d.org_id
        FROM
        sys_data_role d
        JOIN sys_organization o ON d.org_id = o.id
        WHERE o.is_deleted =0
            <if test="list!=null and list.size>0">
                and d.role_id in
                <foreach collection="list" item="role" index="index" open="(" close=")" separator=",">
                    #{role.id}
                </foreach>
            </if>
    </select>

    <!--机构批量获取parentId-->
    <select id="getDataRoleParentIdByOrgIds" parameterType="java.util.List" resultType="java.lang.Integer">
        <![CDATA[
        SELECT DISTINCT  SUBSTRING_INDEX(SUBSTRING_INDEX(a.ancestor,',',b.help_topic_id+1),',',-1) as parentId
        FROM
        sys_organization a
        LEFT JOIN
        mysql.help_topic b
        ON b.help_topic_id < (LENGTH(a.ancestor) - LENGTH(REPLACE(a.ancestor,',',''))+1)
        WHERE  a.is_deleted =0 and SUBSTRING_INDEX(SUBSTRING_INDEX(a.ancestor,',',b.help_topic_id+1),',',-1)  <> ""
         ]]>
        <if test="orgIds!=null and orgIds.size>0">
            and a.id in
            <foreach collection="orgIds" item="orgid" index="index"
             open="(" close=")" separator=",">
                #{orgid}
            </foreach>
        </if>
    </select>



    <!-- 通过角色list获取信息-->
    <select id="getDataRoleByRoleList" resultType="com.boe.bank.common.bean.datarolebean.DataRoleOrgBean">
        SELECT
        distinct o.id,o.name
        FROM
        sys_data_role d
        JOIN sys_organization o ON d.org_id = o.id
        WHERE o.is_deleted =0
            <if test="list!=null and list.size>0">
                and role_id in
                <foreach collection="list" item="role" index="index" open="(" close=")" separator=",">
                    #{role.id}
                </foreach>
            </if>
    </select>


    <!-- 获取当前机构下有数据权限的用户信息列表-->
    <select id="getUserByOrgId" resultType="com.boe.bank.common.bean.datarolebean.UserAndData">
       SELECT
        u.id,u.name,u.username
        FROM
        sys_user u
        LEFT JOIN sys_userinfo s ON u.id = s.user_id
        LEFT JOIN sys_department_audit d ON s.department_id = d.department_id
        WHERE u.is_deleted =0 AND d.is_audit =1
        <if test="orgId!=null and orgId !=0">
            and u.org_id = #{orgId}
        </if>
    </select>

    <!-- 多个机构id获取多个机构name-->
<!--    <select id="getOrgNameListByOrgId" resultType="com.boe.bank.common.bean.datarolebean.DataRoleOrgBean" >-->
<!--        SELECT-->
<!--        id,name-->
<!--        FROM-->
<!--        sys_organization-->
<!--        <where>-->
<!--            <if test="list!=null and list.size>0">-->
<!--                and id in-->
<!--                <foreach collection="list" item="dataRole" index="index" open="(" close=")" separator=",">-->
<!--                    #{dataRole.orgId}-->
<!--                </foreach>-->
<!--            </if>-->
<!--        </where>-->
<!--    </select>-->

</mapper>