<?xml version="1.0" encoding="UTF-8" ?>
<!DOCTYPE mapper PUBLIC "-//mybatis.org//DTD Mapper 3.0//EN" "http://mybatis.org/dtd/mybatis-3-mapper.dtd" >
<mapper namespace="com.boe.bank.mapper.equipment.EquipmentMapper">
    <resultMap id="EquipmentVOMap" type="com.boe.bank.common.bean.equipment.EquipmentVO">
        <id column="id" jdbcType="INTEGER" property="id" />
        <result column="name" jdbcType="VARCHAR" property="name" />
        <result column="address_ip" jdbcType="VARCHAR" property="addressIp" />
        <result column="mac" jdbcType="VARCHAR" property="mac" />
        <result column="org_id" jdbcType="INTEGER" property="orgId" />
        <result column="area_id" jdbcType="INTEGER" property="areaId" />
        <result column="audit_status" jdbcType="BIT" property="auditStatus" />
        <result column="type_id" jdbcType="INTEGER" property="typeId" />
        <result column="equip_info" jdbcType="VARCHAR" property="equipInfo" />
        <result column="create_time" jdbcType="TIMESTAMP" property="createTime" />
        <result column="update_time" jdbcType="TIMESTAMP" property="updateTime" />
        <result column="create_by" jdbcType="VARCHAR" property="createBy" />
        <result column="update_by" jdbcType="VARCHAR" property="updateBy" />
        <result column="is_online" jdbcType="BIT" property="isOnline" />
    </resultMap>

    <select id="selectPageVO" parameterType="com.boe.bank.common.bean.equipment.EquipmentQO" resultMap="EquipmentVOMap">
        select e.id, e.name, e.address_ip, e.mac, e.org_id, e.area_id, e.audit_status, e.type_id, e.equip_info
        , e.create_time, e.update_time, e.create_by, e.update_by, es.is_online
        from t_equipment e
        left join t_equipment_status es on e.mac = es.mac
        <where>
            and e.is_delete = 0
            <if test="qo.orgId != null">
                and e.org_id = #{qo.orgId}
            </if>
            <if test="qo.typeId != null">
                and e.type_id = #{qo.typeId}
            </if>
            <if test="qo.auditStatus != null">
                and e.audit_status = #{qo.auditStatus}
            </if>
            <if test="qo.name != null and qo.name != ''">
                and e.name like concat('%', #{qo.name}, '%')
            </if>
            <if test="qo.isOnline != null and qo.isOnline == 1">
                and es.is_online = 1
            </if>
            <if test="qo.isOnline != null and qo.isOnline == 2">
                and (es.is_online = 2 or es.is_online is null)
            </if>
            <if test="qo.orgIds != null and qo.orgIds.size() > 0">
                and e.org_id in
                <foreach collection="qo.orgIds" item="item" index="index" open="(" close=")" separator=",">
                    #{item}
                </foreach>
            </if>
        </where>
        order by e.update_time desc
    </select>

</mapper>