<?xml version="1.0" encoding="UTF-8" ?>
<!DOCTYPE mapper PUBLIC "-//mybatis.org//DTD Mapper 3.0//EN" "http://mybatis.org/dtd/mybatis-3-mapper.dtd" >
<mapper namespace="com.boe.bank.mapper.equipment.EquipmentPlanMapper">
<!--    <resultMap id="EquipmentVOMap" type="com.boe.bank.common.bean.equipment.EquipmentVO">-->
<!--        <id column="id" jdbcType="INTEGER" property="id" />-->
<!--        <result column="name" jdbcType="VARCHAR" property="name" />-->

<!--    </resultMap>-->



    <!-- 根据批量设备批量添加计划到设备计划表-->
    <insert id="batchInsert" >
        insert into t_equipment_plan
        (mac,plan_id,type,create_time,create_user_id,create_by)
        values
        <foreach collection="mac" index="index1" item="item"
                 separator=",">
            <foreach collection="dto.planIds" item="plan"
                     index="index" separator=",">
                (
                #{item,jdbcType=VARCHAR},
                #{plan},
                #{dto.type,jdbcType=INTEGER},
                #{dto.createTime,jdbcType=TIMESTAMP},
                #{dto.createUserId,jdbcType=BIGINT},
                #{dto.createBy,jdbcType=VARCHAR}
                )
            </foreach>
        </foreach>
    </insert>


    <!--批量删除设备的计划-物理删除-->
    <delete id="batchDelete"  >
        delete from  t_equipment_plan  where mac in
        <foreach collection="mac" item="id" open="(" separator="," close=")">
            #{id}
        </foreach>
    </delete>

    <!--批量删除设备的计划-逻辑删除-->
    <update id="updelEquipment" >
        update   t_equipment_plan set is_delete = 1  where plan_id =#{id}
        and mac in
        <foreach collection="delEquipMac" item="mac" open="(" separator="," close=")">
            #{mac}
        </foreach>
    </update>

</mapper>