<?xml version="1.0" encoding="UTF-8" ?>
<!DOCTYPE mapper PUBLIC "-//mybatis.org//DTD Mapper 3.0//EN" "http://mybatis.org/dtd/mybatis-3-mapper.dtd" >
<mapper namespace="com.boe.bank.mapper.equipment.EquipmentPlayLogMapper">
    <resultMap id="PlayLogMap" type="com.boe.bank.common.bean.equipment.PlayLogVO">
        <result column="title" property="title" jdbcType="VARCHAR"/>
        <result column="begin_time" property="beginTime" jdbcType="TIMESTAMP"/>
        <result column="end_time" property="endTime" jdbcType="TIMESTAMP"/>
        <result column="plan_time" property="planTime" jdbcType="VARCHAR"/>
        <result column="create_by" property="createBy" jdbcType="VARCHAR"/>
        <result column="create_time" property="createTime" jdbcType="TIMESTAMP"/>
        <result column="update_by" property="updateBy" jdbcType="VARCHAR"/>
        <result column="update_time" property="updateTime" jdbcType="TIMESTAMP"/>
        <result column="play_time" property="playTime" jdbcType="VARCHAR"/>
    </resultMap>

    <resultMap id="SpotsLogMap" type="com.boe.bank.common.bean.equipment.SpotsLogVO">
        <result column="title" property="title" jdbcType="VARCHAR"/>
        <result column="create_by" property="spotsBy" jdbcType="VARCHAR"/>
        <result column="play_time" property="playTime" jdbcType="VARCHAR"/>
    </resultMap>

    <select id="listPlayLog" parameterType="com.boe.bank.common.bean.equipment.EquipmentPlayLogQO"
            resultMap="PlayLogMap">
        select pm.title, pm.begin_time, pm.end_time, pm.plan_time, pm.create_by, pm.create_time, pm.update_by,
            pm.update_time, pl.play_time
        from t_equipment_play_log pl
        left join t_plan_manage pm on pl.program_id = pm.id
        <where>
            <if test="equId != null and equId != ''">
                and pl.equipment_id = #{equId}
            </if>
            <if test="type != null">
                and pl.program_type = #{type}
            </if>
            <if test="planName != null and planName != ''">
                and pm.title like CONCAT ('%', #{planName}, '%')
            </if>
            <if test="createBy != null and createBy != ''">
                and pm.create_by like CONCAT ('%', #{createBy}, '%')
            </if>
            <if test="updateBy != null and updateBy != ''">
                and pm.update_by like CONCAT ('%', #{updateBy}, '%')
            </if>
        </where>
        order by pm.update_time desc, pl.play_time desc
    </select>

    <select id="listSpotsLog" parameterType="com.boe.bank.common.bean.equipment.EquipmentPlayLogQO"
            resultMap="SpotsLogMap">
        select pm.title, t.create_by, pl.play_time
        from t_equipment_play_log pl
        left join t_plan_manage pm on pl.program_id = pm.id
        left join (select ep.mac, ep.plan_id, ep.create_by from t_equipment_plan ep, (select max(id) id from t_equipment_plan
        where type = #{type} group by mac, plan_id, type) a where ep.id = a.id) t on pl.mac = t.mac and pl.program_id = t.plan_id
        <where>
            <if test="equId != null and equId != ''">
                and pl.equipment_id = #{equId}
            </if>
            <if test="type != null">
                and pl.program_type = #{type}
            </if>
            <if test="planName != null and planName != ''">
                and pm.title like CONCAT ('%', #{planName}, '%')
            </if>
            <if test="createBy != null and createBy != ''">
                and t.create_by like CONCAT ('%', #{createBy}, '%')
            </if>
        </where>
        order by pl.play_time desc
    </select>

</mapper>