<?xml version="1.0" encoding="UTF-8"?>
<!DOCTYPE mapper PUBLIC "-//mybatis.org//DTD Mapper 3.0//EN" "http://mybatis.org/dtd/mybatis-3-mapper.dtd">
<mapper namespace="com.boe.bank.mapper.equipment.EquipmentOperationLogMapper">
  <resultMap id="BaseResultMap" type="com.boe.bank.common.entity.equipment.EquipmentOperationLog">
    <id column="id" jdbcType="INTEGER" property="id" />
    <result column="cpu" jdbcType="VARCHAR" property="cpu" />
    <result column="memory_free" jdbcType="BIGINT" property="memory" />
    <result column="disk_free" jdbcType="BIGINT" property="disk" />
    <result column="memory_total" jdbcType="BIGINT" property="memory" />
    <result column="disk_total" jdbcType="BIGINT" property="disk" />
    <result column="mac" jdbcType="VARCHAR" property="mac" />
    <result column="name" jdbcType="VARCHAR" property="name" />
    <result column="address_ip" jdbcType="VARCHAR" property="addressIp" />
    <result column="org_id" jdbcType="INTEGER" property="orgId" />
    <result column="area_id" jdbcType="INTEGER" property="areaId" />
    <result column="type_id" jdbcType="INTEGER" property="typeId" />
    <result column="log_url" jdbcType="VARCHAR" property="logUrl" />
    <result column="log_time" jdbcType="VARCHAR" property="logTime" />
    <result column="log_time_at" jdbcType="INTEGER" property="logTimeAt" />
    <result column="create_time" jdbcType="TIMESTAMP" property="createTime" />
  </resultMap>
  
  <sql id="Base_Column_List">
    id,cpu,memory_free,disk_free,memory_total,disk_total,mac,name,address_ip,equ_id,org_id,area_id,type_id,log_url,log_time,log_time_at,create_time
  </sql>
  
  <!--根据id查询-->
  <select id="selectByPrimaryKey" resultMap="BaseResultMap" parameterType="java.lang.Integer">
      select
      <include refid="Base_Column_List"/>
      from t_equipment_operation_log
      where id = #{id,jdbcType=INTEGER}
  </select>
  
  <insert id="insertSelective" parameterType="com.boe.bank.common.entity.equipment.EquipmentOperationLog" keyProperty="id" useGeneratedKeys="true">
    insert into t_equipment_operation_log
    <trim prefix="(" suffix=")" suffixOverrides=",">
      <if test="id != null">
        id,
      </if>
      <if test="mac != null">
        mac,
      </if>
      <if test="cpu != null">
        cpu,
      </if>
      <if test="memoryFree != null">
        memory_free,
      </if>
      <if test="diskFree != null">
        disk_free,
      </if>
      <if test="memoryTotal != null">
        memory_total,
      </if>
      <if test="diskTotal != null">
        disk_total,
      </if>
      <if test="name != null">
        name,
      </if>
      <if test="addressIp != null">
        address_ip,
      </if>
      <if test="equId != null">
        equ_id,
      </if>
      <if test="orgId != null">
        org_id,
      </if>
      <if test="areaId != null">
        area_id,
      </if>
      <if test="typeId != null">
        type_id,
      </if>
      <if test="logTime != null">
        log_time,
      </if>
      <if test="logTimeAt != null">
        log_time_at,
      </if>
      <if test="logUrl != null">
        log_url,
      </if>
      <if test="createTime != null">
        create_time,
      </if>
    </trim>
    <trim prefix="values (" suffix=")" suffixOverrides=",">
      <if test="id != null">
        #{id,jdbcType=INTEGER},
      </if>
      <if test="mac != null">
        #{mac,jdbcType=VARCHAR},
      </if>
      <if test="cpu != null">
        #{cpu,jdbcType=VARCHAR},
      </if>
      <if test="memoryFree != null">
        #{memoryFree,jdbcType=BIGINT},
      </if>
      <if test="diskFree != null">
        #{diskFree,jdbcType=BIGINT},
      </if>
      <if test="memoryTotal != null">
        #{memoryTotal,jdbcType=BIGINT},
      </if>
      <if test="diskTotal != null">
        #{diskTotal,jdbcType=BIGINT},
      </if>
      <if test="name != null">
        #{name,jdbcType=VARCHAR},
      </if>
      <if test="addressIp != null">
        #{addressIp,jdbcType=VARCHAR},
      </if>
      <if test="equId != null">
        #{equId,jdbcType=INTEGER},
      </if>
      <if test="orgId != null">
        #{orgId,jdbcType=INTEGER},
      </if>
      <if test="areaId != null">
        #{areaId,jdbcType=INTEGER},
      </if>
      <if test="typeId != null">
        #{typeId,jdbcType=INTEGER},
      </if>
      <if test="logTime != null">
        #{logTime,jdbcType=VARCHAR},
      </if>
      <if test="logTimeAt != null">
        #{logTimeAt,jdbcType=INTEGER},
      </if>
      <if test="logUrl != null">
        #{logUrl,jdbcType=VARCHAR},
      </if>
      <if test="createTime != null">
        #{createTime,jdbcType=TIMESTAMP},
      </if>
    </trim>
  </insert>
  
  <!--根据orgId查询-->
  <select id="getByOrgId" resultMap="BaseResultMap" parameterType="java.lang.Integer">
      select
      	<include refid="Base_Column_List"/>
      from t_equipment_operation_log
      where org_id = #{orgId,jdbcType=INTEGER}
      order by create_time desc
  </select>
  
  <!--根据typeId查询-->
  <select id="getByTypeId" resultMap="BaseResultMap" parameterType="java.lang.Integer">
      select
      	<include refid="Base_Column_List"/>
      from t_equipment_operation_log
      where type_id = #{typeId,jdbcType=INTEGER}
      order by create_time desc
  </select>
  
  <!-- 根据查询条件分页获取列表 -->
  <select id="getList" parameterType="com.boe.bank.common.bean.equipment.EquipmentOperationLogQO" 
  	resultType="com.boe.bank.common.bean.equipment.EquipmentOperationLogVO">
    select
	  teol.id, teol.name, teol.address_ip as ipAddress, teol.mac, teol.cpu, teol.memory_free as memory, teol.disk_free as disk,
	  so.name as orgName, sa.title as areaName, tet.name as equType
	from t_equipment_operation_log teol, sys_organization so, sys_area sa, t_equipment_type tet 
	where teol.org_id = so.id and teol.area_id = sa.id and teol.type_id = tet.id 
	<if test=" orgId != null ">
		and teol.org_id = #{orgId,jdbcType=INTEGER}
	</if>
	<if test=" typeId != null ">
		and teol.type_id = #{typeId,jdbcType=INTEGER}
	</if>
	<if test=" searchInfo != null and searchInfo != '' ">
		and teol.equ_id in (
		    select id from t_equipment where name like concat('%',#{searchInfo,jdbcType=VARCHAR},'%') or mac like concat('%',#{searchInfo,jdbcType=VARCHAR},'%') or address_ip like concat('%',#{searchInfo,jdbcType=VARCHAR},'%')
		)
	</if>
    order by teol.create_time desc
  </select>
  
  <insert id="saveBatch" parameterType="java.util.List">
	insert into t_equipment_operation_log
	    (mac, cpu, memory_free, disk_free, memory_total, disk_total, name, address_ip, equ_id, org_id, area_id, type_id, log_time, log_time_at, log_url, create_time)
	values
    <foreach collection="list" item="item" index="index" separator=",">
        (
	        #{item.mac},
	        #{item.cpu},
	        #{item.memoryFree},
	        #{item.diskFree},
	        #{item.memoryTotal},
	        #{item.diskTotal},
	        #{item.name},
	        #{item.addressIp},
	        #{item.equId},
	        #{item.orgId},
	        #{item.areaId},
	        #{item.typeId},
	        #{item.logTime},
	        #{item.logTimeAt},
	        #{item.logUrl},
	        #{item.createTime}
        )
	</foreach>
  </insert>


  <!-- 根据查询条件分页获取列表 -->
  <select id="getEquipmentLogList"
          resultType="com.boe.bank.common.bean.equipment.EquipmentOperationLogVO">
    select
    teol.id, teol.name, teol.address_ip as ipAddress, teol.mac, teol.cpu, teol.memory_free as memory, teol.disk_free as disk,
    so.name as orgName, sa.title as areaName, tet.name as equType
    from t_equipment_operation_log teol, sys_organization so, sys_area sa, t_equipment_type tet
    where teol.org_id = so.id and teol.area_id = sa.id and teol.type_id = tet.id
    order by teol.create_time desc limit 100
  </select>
  
</mapper>