<?xml version="1.0" encoding="UTF-8" ?>
<!DOCTYPE mapper PUBLIC "-//mybatis.org//DTD Mapper 3.0//EN" "http://mybatis.org/dtd/mybatis-3-mapper.dtd" >
<mapper namespace="com.boe.bank.mapper.labelMapper.LabelMapper">

    <resultMap id="LabelMap" type="com.boe.bank.common.entity.label.Label">
        <id column="id" jdbcType="INTEGER" property="id" />
        <result column="title" jdbcType="VARCHAR" property="title" />
        <result column="created_by" jdbcType="VARCHAR" property="createBy" />
        <result column="updated_by" jdbcType="VARCHAR" property="updateBy" />
        <result column="date_created" jdbcType="TIMESTAMP" property="createTime" />
        <result column="date_updated" jdbcType="TIMESTAMP" property="updateTime" />
        <result column="remark" jdbcType="VARCHAR" property="remark" />
        <result column="is_delete" jdbcType="BIT" property="isDelete" />
    </resultMap>

    <sql id="Base_Label">
           id,title
    </sql>

    <select id="getLabelList" resultMap="LabelMap"
            parameterType="com.boe.bank.common.bean.labelBean.LabelSearchBean">
        select
            l.id,
            l.title,
            l.created_by,
            l.date_created,
            l.remark
        from t_label l
        where
            l.is_delete = 0
            <if test="title !=null and title != ''">
                and l.title like concat(concat('%',#{title}),'%')
            </if>
        order by l.date_created desc
    </select>

    <select id="getLabelAllList" resultMap="LabelMap">
        select
            l.id,
            l.title,
            l.created_by,
            l.date_created,
            l.remark
        from t_label l
        where
            l.is_delete = 0
        order by l.date_created asc
    </select>

    <select id="queryLabel" resultType="java.lang.Integer"
            parameterType="com.boe.bank.common.bean.labelBean.LabelInfoBean">
        select
            count(1)
        from t_label
        where
            is_delete = 0
            <if test="title != null and title != ''">
                and title = #{title}
            </if>
            <if test="id != null and id != ''">
                and id &lt;&gt; #{id}
            </if>
    </select>

    <insert id="addLabel" parameterType="com.boe.bank.common.entity.label.Label"
            keyProperty="id" useGeneratedKeys="true">
        insert into t_label
        <trim prefix="(" suffix=")" suffixOverrides=",">
                title,
                created_by,
                date_created
                <if test="remark != null and remark != ''">
                ,remark
                </if>
        </trim>
        <trim prefix="values (" suffix=")" suffixOverrides=",">
                #{title,jdbcType=VARCHAR},
                #{createBy,jdbcType=VARCHAR},
                #{createTime,jdbcType=TIMESTAMP}
                <if test="remark != null and remark != ''">
                ,#{remark,jdbcType=VARCHAR}
                </if>
        </trim>
    </insert>

    <update id="updateLabel" parameterType="com.boe.bank.common.entity.label.Label">
        update t_label
        <set>
            title = #{title,jdbcType=VARCHAR},
            updated_by = #{updateBy,jdbcType=VARCHAR},
            date_updated = #{updateTime,jdbcType=TIMESTAMP}
            <if test="remark != null and remark != ''">
                ,remark = #{remark,jdbcType=VARCHAR}
            </if>
            <if test="remark == null or remark == ''">
                ,remark = ''
            </if>
        </set>
        where id = #{id}
    </update>

    <delete id="deleteLabelById" parameterType="java.util.List">
            delete
            from t_label
            where id in
            <foreach collection="array" index="index" item="id"
                     open="(" separator="," close=")">
                #{id,jdbcType=VARCHAR}
            </foreach>
    </delete>
</mapper>