<?xml version="1.0" encoding="UTF-8" ?>
<!DOCTYPE mapper PUBLIC "-//mybatis.org//DTD Mapper 3.0//EN" "http://mybatis.org/dtd/mybatis-3-mapper.dtd" >
<mapper namespace="com.boe.bank.mapper.logMapper.LogMapper">

    <resultMap id="BaseResultMap" type="com.boe.bank.common.entity.log.OperationLog">
        <id column="id" property="id" jdbcType="INTEGER"/>
        <result column="org_id" property="orgId" jdbcType="INTEGER"/>
        <result column="orgName" property="orgName" jdbcType="VARCHAR"/>
        <result column="material_type" property="materialType" jdbcType="VARCHAR"/>
        <result column="operation_type" property="operationType" jdbcType="INTEGER"/>
        <result column="operation_content" property="operationContent" jdbcType="VARCHAR"/>
        <result column="module_type" property="moduleType" jdbcType="VARCHAR"/>
        <result column="create_user_id" property="createUserId" jdbcType="VARCHAR"/>
        <result column="create_by" property="createBy" jdbcType="VARCHAR"/>
        <result column="create_time" property="createTime" jdbcType="TIMESTAMP"/>
    </resultMap>


    <resultMap id="ApprovalResultMap" type="com.boe.bank.common.entity.log.ApprovalLog">
        <id column="id" property="id" jdbcType="INTEGER"/>
        <result column="org_id" property="orgId" jdbcType="INTEGER"/>
        <result column="orgName" property="orgName" jdbcType="VARCHAR"/>
        <result column="operation_content" property="operationContent" jdbcType="VARCHAR"/>
        <result column="approval_no" property="approvalNo" jdbcType="VARCHAR"/>
        <result column="approval_type" property="approvalType" jdbcType="VARCHAR"/>
        <result column="approval_result" property="approvalResult" jdbcType="VARCHAR"/>
        <result column="busniess_type" property="busniessType" jdbcType="VARCHAR"/>
        <result column="create_user_id" property="createUserId" jdbcType="VARCHAR"/>
        <result column="create_by" property="createBy" jdbcType="VARCHAR"/>
        <result column="create_time" property="createTime" jdbcType="TIMESTAMP"/>
    </resultMap>


    <resultMap id="PublicLogResultMap" type="com.boe.bank.common.entity.log.PublicLog">
        <id column="id" property="id" jdbcType="INTEGER"/>
        <result column="operatorTypeName" property="operatorTypeName" jdbcType="VARCHAR"/>
        <result column="user_id" property="userId" jdbcType="BIGINT"/>
        <result column="title" property="title" jdbcType="VARCHAR"/>
        <result column="user_name" property="userName" jdbcType="VARCHAR"/>
        <result column="user_username" property="userUsername" jdbcType="VARCHAR"/>
        <result column="user_org_id" property="orgId" jdbcType="BIGINT"/>
        <result column="ip" property="ip" jdbcType="VARCHAR"/>
        <result column="param" property="param" jdbcType="VARCHAR"/>
        <result column="querying" property="querying" jdbcType="VARCHAR"/>
        <result column="json_result" property="jsonResult" jdbcType="VARCHAR"/>
        <result column="create_time" property="createTime" jdbcType="TIMESTAMP"/>
        <result column="orgName" property="orgName" jdbcType="VARCHAR"/>
        <result column="status" property="status" jdbcType="VARCHAR"/>
    </resultMap>

    <!--操作-日志-添加-->
    <insert id="insertLog" parameterType="com.boe.bank.common.entity.log.OperationLog">
        insert into operation_log
        <trim prefix="(" suffix=")" suffixOverrides=",">
            <if test="orgId != null and orgId >0">
                org_Id,
            </if>
            <if test="materialType != null and materialType!=''">
                material_type,
            </if>
            <if test="operationType != null and operationType >0">
                operation_type,
            </if>
            <if test="operationContent != null and operationContent !=''">
                operation_content,
            </if>
            <if test="moduleType != null and moduleType >0">
                module_type,
            </if>
            <if test="createUserId != null and createUserId >0">
                create_user_id,
            </if>
            <if test="createBy != null and createBy != ''">
                create_by,
            </if>
            <if test="createTime != null">
                create_time,
            </if>
            <if test="createAt != null and createAt >0">
                create_at
            </if>
        </trim>
        <trim prefix="values (" suffix=")" suffixOverrides=",">
            <if test="orgId != null and orgId >0">
                #{orgId,jdbcType=BIGINT},
            </if>
            <if test="materialType != null and materialType!=''">
                #{materialType,jdbcType=VARCHAR},
            </if>
            <if test="operationType != null and operationType >0">
                #{operationType,jdbcType=BIGINT},
            </if>
            <if test="operationContent != null and operationContent !=''">
                #{operationContent,jdbcType=VARCHAR},
            </if>
            <if test="moduleType != null and moduleType >0">
                #{moduleType,jdbcType=BIGINT},
            </if>
            <if test="createUserId != null and createUserId >0">
                #{createUserId,jdbcType=BIGINT},
            </if>
            <if test="createBy != null and createBy != ''">
                #{createBy,jdbcType=VARCHAR},
            </if>
            <if test="createTime != null">
                #{createTime,jdbcType=TIMESTAMP},
            </if>
            <if test="createAt != null and createAt >0">
                #{createAt,jdbcType=BIGINT}
            </if>
        </trim>
    </insert>


    <!--审批-日志-添加-->
    <insert id="insertApprovalLog" parameterType="com.boe.bank.common.entity.log.ApprovalLog">
        insert into approval_log
        <trim prefix="(" suffix=")" suffixOverrides=",">
            <if test="orgId != null">
                org_Id,
            </if>

            <if test="busniessType != null and busniessType !='' ">
                busniess_type,
            </if>
            <if test="operationContent != null and operationContent !=''">
                operation_content,
            </if>
            <if test="approvalNo != null and approvalNo !=''">
                approval_no,
            </if>
            <if test="approvalType != null and approvalType !=''">
                approval_type,
            </if>
            <if test="approvalResult != null and approvalResult !=''">
                approval_result,
            </if>
            <if test="createUserId != null ">
                create_user_id,
            </if>
            <if test="createBy != null and createBy != ''">
                create_by,
            </if>
            <if test="createTime != null">
                create_time,
            </if>
            <if test="createAt != null and createAt >0">
                create_at
            </if>
        </trim>
        <trim prefix="values (" suffix=")" suffixOverrides=",">
            <if test="orgId != null ">
                #{orgId,jdbcType=BIGINT},
            </if>
            <if test="busniessType != null and busniessType !='' ">
                #{busniessType,jdbcType=VARCHAR},
            </if>
            <if test="operationContent != null and operationContent !=''">
                #{operationContent,jdbcType=VARCHAR},
            </if>
            <if test="approvalNo != null and approvalNo !=''">
                #{approvalNo,jdbcType=VARCHAR},
            </if>
            <if test="approvalType != null and approvalType !=''">
                #{approvalType,jdbcType=VARCHAR},
            </if>
            <if test="approvalResult != null and approvalResult !=''">
                #{approvalResult,jdbcType=VARCHAR},
            </if>
            <if test="createUserId != null ">
                #{createUserId,jdbcType=BIGINT},
            </if>
            <if test="createBy != null and createBy != ''">
                #{createBy,jdbcType=VARCHAR},
            </if>
            <if test="createTime != null">
                #{createTime,jdbcType=TIMESTAMP},
            </if>
            <if test="createAt != null and createAt >0">
                #{createAt,jdbcType=BIGINT}
            </if>
        </trim>
    </insert>


    <!--操作-日志-分页-->
    <select id="getOperationLogList"  resultMap="BaseResultMap">
        SELECT
        l.id,l.org_id,
        (CASE l.material_type
          WHEN  '0' THEN '文件夹'
          WHEN '1' THEN '图片'
          WHEN '2' THEN '视频'
          WHEN '3' THEN '文本'
          WHEN '4' THEN 'web'
          WHEN '5' THEN '文档'
          WHEN '6' THEN '应用程序'
          ELSE '其它' END) as material_type
        ,l.operation_content,l.create_by,l.create_time,o.name orgName
        FROM
        operation_log l
        left join sys_organization o on l.org_id =o.id
        <where>
            <if test="exportTime != null and  exportTime > 0 " >
                and  l.create_at  <![CDATA[ > ]]>  #{exportTime}
            </if>
            <if test="moduleType != null and moduleType >0">
                and l.module_type = #{moduleType}
            </if>
            <if test="orgIdList != null and orgIdList.size() > 0">
                and l.org_id  in
                <foreach collection="orgIdList" item="item" index="index" open="(" close=")" separator=",">
                    #{item}
                </foreach>
            </if>
            <if test="operationType != null and operationType >0">
                and l.operation_type = #{operationType}
            </if>
        </where>
        order by l.create_at desc
    </select>


    <!--审批-日志-分页-->
    <select id="getApprovalLogList"  resultMap="ApprovalResultMap">
        SELECT
        l.id,l.org_id,l.operation_content,l.approval_no,l.approval_type,
        (CASE l.approval_result  WHEN  'a11' THEN '待处理' WHEN 'a12' THEN '同意'  WHEN 'a13' THEN '拒绝' ELSE '其它' END) as approval_result
        ,(CASE l.busniess_type  WHEN  'a21' THEN '素材' WHEN 'a22' THEN '计划'  WHEN 'a23' THEN '设备' ELSE '其它' END) as busniess_type
        ,l.create_by,l.create_time,o.name orgName
        FROM
        approval_log l
        left join sys_organization o on l.org_id =o.id
        <where>
            <if test="exportTime != null and  exportTime > 0 " >
                and  l.create_at  <![CDATA[ > ]]>  #{exportTime}
            </if>
            <if test="orgIdList != null and orgIdList.size() > 0">
                and l.org_id  in
                <foreach collection="orgIdList" item="item" index="index" open="(" close=")" separator=",">
                    #{item}
                </foreach>
            </if>
            <if test="busniessType != null and busniessType != ''">
                and l.busniess_type = #{busniessType}
            </if>
            <if test="approvalResult != null and approvalResult != ''">
                and l.approval_result = #{approvalResult}
            </if>
        </where>
        order by l.create_at desc
    </select>

    <!--操作日志-导出 -->
    <select id="getOperationLogListExport"  resultMap="BaseResultMap">
        SELECT
        l.id,l.org_id,
        (CASE l.material_type
        WHEN  '0' THEN '文件夹'
        WHEN '1' THEN '图片'
        WHEN '2' THEN '视频'
        WHEN '3' THEN '文本'
        WHEN '4' THEN 'web'
        WHEN '5' THEN '文档'
        WHEN '6' THEN '应用程序'
        ELSE '其它' END) as material_type,
        l.operation_content,l.create_by,l.create_time,o.name orgName
        FROM
        operation_log l
        left join sys_organization o on l.org_id =o.id
        <where>
            <if test="exportTime != null and  exportTime > 0 " >
                and  l.create_at  <![CDATA[ > ]]>  #{exportTime}
            </if>
            <if test="moduleType != null and moduleType >0">
                and l.module_type = #{moduleType}
            </if>
            <if test="orgIdList != null and orgIdList.size() > 0">
                and l.org_id  in
                <foreach collection="orgIdList" item="item" index="index" open="(" close=")" separator=",">
                    #{item}
                </foreach>
            </if>
            <if test="operationType != null and operationType >0">
                and l.operation_type = #{operationType}
            </if>
        </where>
--          order by l.create_time desc
    </select>

    <!--审批日志-导出 -->
    <select id="getApprovalLogListExport"  resultMap="ApprovalResultMap">
        SELECT
        l.id,l.create_by,l.org_id,
        (CASE l.busniess_type  WHEN  'a21' THEN '素材' WHEN 'a22' THEN '计划'  WHEN 'a23' THEN '设备' ELSE '其它' END) as busniess_type
        ,l.approval_no,l.approval_type,l.operation_content,
        (CASE l.approval_result  WHEN  'a11' THEN '待处理' WHEN 'a12' THEN '同意'  WHEN 'a13' THEN '拒绝' ELSE '其它' END) as approval_result
        ,l.create_time,o.name orgName
        FROM
        approval_log l
        left join sys_organization o on l.org_id =o.id
        <where>
        <if test="exportTime != null and  exportTime > 0 " >
            and  l.create_at  <![CDATA[ > ]]>  #{exportTime}
        </if>
            <if test="orgIdList != null and orgIdList.size() > 0">
                and l.org_id  in
                <foreach collection="orgIdList" item="item" index="index" open="(" close=")" separator=",">
                    #{item}
                </foreach>
            </if>
        <if test="busniessType != null and busniessType != ''">
            and l.busniess_type = #{busniessType}
        </if>
        <if test="approvalResult != null and approvalResult != ''">
            and l.approval_result = #{approvalResult}
        </if>
        </where>
--         order by l.create_time desc
    </select>

    <!--登录-日志-分页-->
    <select id="getLoginLogPage" resultMap="PublicLogResultMap">
        SELECT
        l.id,l.ip,l.create_time,l.user_name,l.user_org_id,l.status,
        (CASE l.operator_type  WHEN  1 THEN '后台用户' WHEN 2 THEN '手机端用户' ELSE '其它' END) as operatorTypeName
        ,o.name orgName
        FROM
        t_operate_log l
        left join sys_organization o on l.user_org_id =o.id
        where l.operator_type=2
        <if test="exportTime != null and  exportTime > 0 " >
            and   l.timestamp  <![CDATA[ > ]]>  #{exportTime}
        </if>
        <if test="ip != null and ip != ''">
            and l.ip like CONCAT ('%',#{ip,jdbcType=VARCHAR},'%')
        </if>
        <if test="orgIdList != null and orgIdList.size() > 0">
            and l.user_org_id  in
            <foreach collection="orgIdList" item="item" index="index" open="(" close=")" separator=",">
                #{item}
            </foreach>
        </if>
        <if test="userName != null and userName != ''">
            and l.user_name like CONCAT ('%',#{userName,jdbcType=VARCHAR},'%')
        </if>
        order by l.timestamp desc
    </select>

    <!--接口-日志-分页-->
    <select id="getInterfacePage" resultMap="PublicLogResultMap">
        SELECT
        l.id,l.title,l.create_time,l.ip,l.param,l.user_org_id,o.name orgName
        FROM
        t_operate_log l
        left join sys_organization o on l.user_org_id =o.id
        <where>
        <if test="exportTime != null and  exportTime > 0 " >
            and   l.timestamp  <![CDATA[ > ]]>  #{exportTime}
        </if>
        <if test="title != null and title != ''">
            and l.title like CONCAT ('%',#{title,jdbcType=VARCHAR},'%')
        </if>
        <if test="orgIdList != null and orgIdList.size() > 0">
            and l.user_org_id  in
            <foreach collection="orgIdList" item="item" index="index" open="(" close=")" separator=",">
                #{item}
            </foreach>
        </if>
        <if test="ip != null and ip != ''">
            and l.ip like CONCAT ('%',#{ip,jdbcType=VARCHAR},'%')
        </if>
        </where>
        order by l.timestamp desc
    </select>

    <!--登录日志-导出-->
    <select id="getLoginLogListExport" resultMap="PublicLogResultMap">
        SELECT
        l.id,l.ip,l.create_time,l.user_name,l.user_org_id,l.status,
        (CASE l.operator_type  WHEN  1 THEN '后台用户' WHEN 2 THEN '手机端用户' ELSE '其它' END) as operatorTypeName
        ,o.name orgName
        FROM
        t_operate_log l
        left join sys_organization o on l.user_org_id =o.id
        where l.operator_type=2
        <if test="exportTime != null and  exportTime > 0 " >
            and   l.timestamp  <![CDATA[ > ]]>  #{exportTime}
        </if>
        <if test="ip != null and ip != ''">
            and l.ip like CONCAT ('%',#{ip,jdbcType=VARCHAR},'%')
        </if>
        <if test="orgIdList != null and orgIdList.size() > 0">
            and l.user_org_id  in
            <foreach collection="orgIdList" item="item" index="index" open="(" close=")" separator=",">
                #{item}
            </foreach>
        </if>
        <if test="userName != null and userName != ''">
            and l.user_name like CONCAT ('%',#{userName,jdbcType=VARCHAR},'%')
        </if>
    </select>

    <!--接口日志-导出-->
    <select id="getInterfaceLogListExport" resultMap="PublicLogResultMap">
        SELECT
        l.id,l.title,l.create_time,l.ip,l.param,l.user_org_id,o.name orgName
        FROM
        t_operate_log l
        left join sys_organization o on l.user_org_id =o.id
        <where>
        <if test="exportTime != null and  exportTime > 0 " >
            and  l.timestamp   <![CDATA[ > ]]>  #{exportTime}
        </if>
        <if test="title != title and title != ''">
            and l.title like CONCAT ('%',#{title,jdbcType=VARCHAR},'%')
        </if>
        <if test="orgIdList != null and orgIdList.size() > 0">
            and l.user_org_id  in
            <foreach collection="orgIdList" item="item" index="index" open="(" close=")" separator=",">
                #{item}
            </foreach>
        </if>
        <if test="ip != null and ip != ''">
            and l.ip like CONCAT ('%',#{ip,jdbcType=VARCHAR},'%')
        </if>
        </where>
        --         order by l.create_time desc
    </select>

    <!--首页-系统日志-->
    <select id="getSysList" resultType="com.boe.bank.common.bean.logbean.SysLogBean">
        SELECT
        o.name orgName,
        l.title operation,
        DATE_FORMAT(l.create_time,'%H:%i:%s') createTime,
        l.user_username userName
        FROM
        t_operate_log l
        left join sys_organization o on l.user_org_id =o.id
        where
         l.timestamp  <![CDATA[ > ]]>  #{exportTime}
        order by l.timestamp desc limit 500
    </select>


    <!--操作日志-机构和子机构的所有日志-->
    <select id="logByOrgAll"  resultMap="BaseResultMap">
        SELECT
        l.id,l.org_id,
        (CASE l.material_type
        WHEN  '0' THEN '文件夹'
        WHEN '1' THEN '图片'
        WHEN '2' THEN '视频'
        WHEN '3' THEN '文本'
        WHEN '4' THEN 'web'
        WHEN '5' THEN '文档'
        WHEN '6' THEN '应用程序'
        ELSE '其它' END) as material_type
        ,l.operation_content,l.create_by,l.create_time,o.name orgName
        FROM
        operation_log l
        left join sys_organization o on l.org_id =o.id
        <where>
            <if test="moduleType != null and moduleType >0">
                and l.module_type = #{moduleType}
            </if>
            <if test="orgIdList != null and orgIdList.size() > 0">
                and l.org_id  in
                <foreach collection="orgIdList" item="item" index="index" open="(" close=")" separator=",">
                    #{item}
                </foreach>
            </if>
            <if test="operationType != null and operationType >0">
                and l.operation_type = #{operationType}
            </if>
        </where>
        order by l.create_at desc
    </select>

    <!--接口日志-定时删除7天外的数据-->
    <delete id="timedDeleteLog"  parameterType="java.lang.Long">
        delete
        from t_operate_log l
        where l.timestamp   <![CDATA[ < ]]>  #{deleteTime}
    </delete>
</mapper>