<?xml version="1.0" encoding="UTF-8" ?>
<!DOCTYPE mapper PUBLIC "-//mybatis.org//DTD Mapper 3.0//EN" "http://mybatis.org/dtd/mybatis-3-mapper.dtd" >
<mapper namespace="com.boe.bank.mapper.marketLabel.MarketLabelMapper">

    <resultMap id="LabelMap" type="com.boe.bank.common.entity.marketLabel.MarketLabel">
        <id column="id" jdbcType="INTEGER" property="id"/>
        <result column="parent_id" jdbcType="INTEGER" property="parentId"/>
        <result column="label_type" jdbcType="INTEGER" property="labelType"/>
        <result column="label_name" jdbcType="VARCHAR" property="labelName"/>
        <result column="enable" jdbcType="BIT" property="enable"/>
        <result column="remark" jdbcType="VARCHAR" property="remark"/>
        <result column="enable_time" jdbcType="TIMESTAMP" property="enableTime"/>
        <result column="person_nums" jdbcType="VARCHAR" property="personNums"/>
        <result column="create_time" jdbcType="TIMESTAMP" property="createTime"/>
        <result column="update_time" jdbcType="TIMESTAMP" property="updateTime"/>
        <result column="labelNums" jdbcType="VARCHAR" property="labelNums"/>
        <result column="hourLength" jdbcType="INTEGER" property="hourLength"/>
    </resultMap>

    <resultMap id="selectMarketLabel" type="com.boe.bank.common.bean.marketLabel.MarketLabelInfoBean">
        <result column="id" jdbcType="INTEGER" property="id"/>
        <result column="label_name" jdbcType="VARCHAR" property="labelName"/>
        <result column="enable" jdbcType="INTEGER" property="enable"/>
        <result column="remark" jdbcType="VARCHAR" property="remark"/>
        <result column="level" jdbcType="INTEGER" property="level"/>
        <collection property="marketLabelNatureInfoBean" resultMap="marketLabelNatureInfoBean"/>
    </resultMap>

    <resultMap id="marketLabelNatureInfoBean" type="com.boe.bank.common.bean.marketLabel.MarketLabelNatureInfoBean">
        <result column="natureId" jdbcType="INTEGER" property="natureId"/>
        <result column="condition_name" jdbcType="VARCHAR" property="conditionName"/>
        <result column="condition_min_range" jdbcType="VARCHAR" property="conditionMinRange"/>
        <result column="condition_max_range" jdbcType="VARCHAR" property="conditionMaxRange"/>
        <result column="behavior_condition" jdbcType="INTEGER" property="behaviorCondition"/>
        <result column="condition_value" jdbcType="VARCHAR" property="conditionValue"/>
    </resultMap>

    <resultMap id="marketByProductPortraits" type="com.boe.bank.common.bean.productlibrarybean.ProductPortraitDTO">
        <result column="product_id" jdbcType="INTEGER" property="productId"/>
        <collection property="portraitDTOList" resultMap="portraitDTOListId"/>
    </resultMap>

    <resultMap id="portraitDTOListId" type="com.boe.bank.common.bean.productlibrarybean.PortraitDTO">
        <result column="portrait_id" jdbcType="INTEGER" property="portraitId"/>
        <result column="condition_type" jdbcType="INTEGER" property="conditionType"/>
        <result column="weight" jdbcType="INTEGER" property="weight"/>
        <result column="create_time" jdbcType="TIMESTAMP" property="createTime"/>
        <collection property="marketLabelNatureDTOS" resultMap="marketLabelNatureDTOS"/>
    </resultMap>

    <resultMap id="marketLabelNatureDTOS" type="com.boe.bank.common.bean.marketLabel.MarketLabelNatureDTO">
        <result column="label_id" jdbcType="INTEGER" property="labelId"/>
        <result column="label_name" jdbcType="VARCHAR" property="labelName"/>
        <result column="label_type" jdbcType="INTEGER" property="labelType"/>
        <result column="condition_value" jdbcType="VARCHAR" property="conditionValue"/>
        <result column="condition_name" jdbcType="VARCHAR" property="conditionName"/>
        <result column="condition_min_range" jdbcType="VARCHAR" property="conditionMinRange"/>
        <result column="condition_max_range" jdbcType="VARCHAR" property="conditionMaxRange"/>
        <result column="behavior_condition" jdbcType="INTEGER" property="behaviorCondition"/>
    </resultMap>

    <select id="queryMarketLabel" resultMap="LabelMap"
            parameterType="com.boe.bank.common.bean.marketLabel.MarketLabelSearchBean">
        select
        m.id,
        m.enable,
        m.label_type,
        m.label_name,
        m.remark,
        m.enable_time,
        ifnull(m.person_nums,0) as person_nums,
        m.create_time,
        (select count(*) from user_portrait_label l where l.label_id = m.id) as labelNums,
        TIMESTAMPDIFF(hour, m.enable_time, now()) as hourLength
        from market_label m
        where
        m.is_delete = 0
        and m.parent_id = #{id}
        and m.label_type = #{labelType}
        <if test="enable !=null">
            and m.enable = #{enable}
        </if>
        <if test="labelName !=null and labelName != ''">
            and m.label_name like concat(concat('%',#{labelName}),'%')
        </if>
        order by m.create_time desc
    </select>

    <select id="queryMarketLabelT" resultMap="LabelMap"
            parameterType="com.boe.bank.common.bean.marketLabel.MarketLabelSearchBean">
        select
        m.id,
        m.enable,
        m.label_type,
        m.label_name,
        m.remark,
        m.enable_time,
        '-' as person_nums,
        m.create_time,
        '-' as labelNums,
        TIMESTAMPDIFF(hour, m.enable_time, now()) as hourLength
        from market_label m
        where
        m.is_delete = 0
        and m.parent_id = #{id}
        and m.label_type = #{labelType}
        <if test="enable !=null">
            and m.enable = #{enable}
        </if>
        <if test="labelName !=null and labelName != ''">
            and m.label_name like concat(concat('%',#{labelName}),'%')
        </if>
        order by m.create_time desc
    </select>

    <select id="marketLabelExport" resultType="com.boe.bank.common.bean.marketLabel.MarketLabelExportDTO"
            parameterType="com.boe.bank.common.bean.marketLabel.MarketLabelExportBean">
        select
        m.id,
        case m.enable when 0 then '停用' else '启用' end as enable,
        case m.label_type when 0 then '属性标签' else '行为标签' end as labelType,
        m.label_name as labelName,
        m.remark,
        m.enable_time as enableTime,
        ifnull(m.person_nums,0) as personNums,
        m.create_time as createTime,
        (select count(*) from user_portrait_label l where l.label_id = m.id) as labelNums,
        TIMESTAMPDIFF(hour, m.enable_time, now()) as hourLength,

        case n.condition_name when 'sex' then '性别'
        when 'age' then '年龄段'
        when 'mask' then '口罩'
        when 'firstVisit' then '是否首次访问'
        when 'visitNum' then '访问网点次数'
        when 'checkProductTime' then '查看所有应用累计时间'
        when 'clickProductQrCodeNum' then '点击所有应用二维码按钮次数'
        else ifnull(n.condition_name,'')
        end as conditionName,

        case n.condition_name
        when 'sex' then
        case n.condition_value when null then '' when 1 then '男' when 2 then '女' else '' end
        when 'age' then
        IFNULL(n.condition_value,'')
        when 'mask' then
        case n.condition_value when null then '' when 1 then '有' when 2 then '无' else '' end
        when 'firstVisit' then
        case n.condition_value when null then '' when 0 then '否' when 1 then '是' else '' end
        else ifnull(n.condition_value,'')
        end as conditionValue,

        IFNULL(n.condition_min_range,'') as conditionMinRange,
        IFNULL(n.condition_max_range,'') as conditionMaxRange

        from market_label m left join market_label_nature n on m.id = n.label_id and n.is_delete = 0
        where
        m.is_delete = 0
        and m.parent_id = #{id}
        and m.label_type = #{labelType}
        <if test="enable !=null">
            and m.enable = #{enable}
        </if>
        <if test="labelName !=null and labelName != ''">
            and m.label_name like concat(concat('%',#{labelName}),'%')
        </if>
        order by m.create_time desc
    </select>

    <select id="marketLabelTExport" resultType="com.boe.bank.common.bean.marketLabel.MarketLabelExportTDTO"
            parameterType="com.boe.bank.common.bean.marketLabel.MarketLabelExportBean">
        select
        case m.enable when 0 then '停用' else '启用' end as enable,
        case m.label_type when 0 then '属性标签' else '行为标签' end as labelType,
        m.label_name as labelName,
        m.remark,
        m.enable_time as enableTime,
        ifnull(m.person_nums,0) as personNums,
        m.create_time as createTime,
        (select count(*) from user_portrait_label l where l.label_id = m.id) as labelNums,
        TIMESTAMPDIFF(hour, m.enable_time, now()) as hourLength

        from market_label m left join market_label_nature n on m.id = n.label_id and n.is_delete = 0
        where
        m.is_delete = 0
        and m.parent_id = #{id}
        and m.label_type = #{labelType}
        <if test="enable !=null">
            and m.enable = #{enable}
        </if>
        <if test="labelName !=null and labelName != ''">
            and m.label_name like concat(concat('%',#{labelName}),'%')
        </if>
        order by m.create_time desc
    </select>

    <select id="marketLabelActionExport" resultType="com.boe.bank.common.bean.marketLabel.MarketLabelActionExportDTO"
            parameterType="com.boe.bank.common.bean.marketLabel.MarketLabelExportBean">
        select
        m.id,
        case m.enable when 0 then '停用' else '启用' end as enable,
        case m.label_type when 0 then '属性标签' else '行为标签' end as labelType,
        m.label_name as labelName,
        m.remark,
        m.enable_time as enableTime,
        ifnull(m.person_nums,0) as personNums,
        m.create_time as createTime,
        (select count(*) from user_portrait_label l where l.label_id = m.id) as labelNums,
        TIMESTAMPDIFF(hour, m.enable_time, now()) as hourLength,

        case n.behavior_condition
        when 0 then '无'
        when 1 then '全部时段'
        when 2 then '近一个月'
        when 3 then '近一周'
        when 4 then '近三天'
        when null then ''
        else '' end  as behaviorCondition,

        case n.condition_name
        when 'sex' then '性别'
        when 'age' then '年龄段'
        when 'mask' then '口罩'
        when 'firstVisit' then '是否首次访问'
        when 'visitNum' then '访问网点次数'
        when 'checkProductTime' then '查看所有应用累计时间'
        when 'clickProductQrCodeNum' then '点击所有应用二维码按钮次数'
        else ifnull(n.condition_name,'')
        end as conditionName,

        case n.condition_name
        when 'sex' then
        case n.condition_value when null then '' when 1 then '男' when 2 then '女' else '' end
        when 'age' then
        IFNULL(n.condition_value,'')
        when 'mask' then
        case n.condition_value when null then '' when 1 then '有' when 2 then '无' else '' end
        when 'firstVisit' then
        case n.condition_value when null then '' when 0 then '否' when 1 then '是' else '' end
        else ifnull(n.condition_value,'')
        end as conditionValue,

        IFNULL(n.condition_min_range,'') as conditionMinRange,
        IFNULL(n.condition_max_range,'') as conditionMaxRange

        from market_label m left join market_label_nature n on m.id = n.label_id and n.is_delete = 0
        where
        m.is_delete = 0
        and m.parent_id = #{id}
        and m.label_type = #{labelType}
        <if test="enable !=null">
            and m.enable = #{enable}
        </if>
        <if test="labelName !=null and labelName != ''">
            and m.label_name like concat(concat('%',#{labelName}),'%')
        </if>
        order by m.create_time desc
    </select>

    <select id="marketLabelActionTExport" resultType="com.boe.bank.common.bean.marketLabel.MarketLabelActionTExportDTO"
            parameterType="com.boe.bank.common.bean.marketLabel.MarketLabelExportBean">
        select
        m.id,
        case m.enable when 0 then '停用' else '启用' end as enable,
        case m.label_type when 0 then '属性标签' else '行为标签' end as labelType,
        m.label_name as labelName,
        m.remark,
        m.enable_time as enableTime,
        ifnull(m.person_nums,0) as personNums,
        m.create_time as createTime,
        (select count(*) from user_portrait_label l where l.label_id = m.id) as labelNums,
        TIMESTAMPDIFF(hour, m.enable_time, now()) as hourLength

        from market_label m left join market_label_nature n on m.id = n.label_id and n.is_delete = 0
        where
        m.is_delete = 0
        and m.parent_id = #{id}
        and m.label_type = #{labelType}
        <if test="enable !=null">
            and m.enable = #{enable}
        </if>
        <if test="labelName !=null and labelName != ''">
            and m.label_name like concat(concat('%',#{labelName}),'%')
        </if>
        order by m.create_time desc
    </select>

    <select id="isHasMarketLabel" resultType="java.lang.Integer"
            parameterType="com.boe.bank.common.bean.marketLabel.MarketLabelInfoBean">
        select
            count(*)
        from market_label
        where
            is_delete = 0
        <if test="id !=null">
            and parent_id &lt;&gt; #{id}
        </if>
        <if test="labelName !=null and labelName != ''">
            and label_name = #{labelName}
        </if>
    </select>

    <select id="isHasPropertyMarketLabel" resultType="java.lang.Integer"
            parameterType="java.lang.Integer">
        select
            count(1)
        from market_label
        where
            is_delete = 0
        and label_type = #{type}
    </select>

    <select id="isHasMarketLabelSon" resultType="java.lang.Integer"
            parameterType="java.lang.Integer">
        select
            count(*)
        from market_label
        where
            is_delete = 0
        <if test="id !=null">
            and parent_id = #{id}
        </if>
    </select>

    <insert id="addMarketLabel" parameterType="com.boe.bank.common.entity.marketLabel.MarketLabel"
            keyProperty="id" useGeneratedKeys="true">
        insert into market_label
        <trim prefix="(" suffix=")" suffixOverrides=",">
            parent_id,
            label_name,
            enable
            <if test="remark != null and remark != ''">
                ,remark
            </if>
            <if test="enableTime != null">
                ,enable_time
            </if>
            ,create_by
            ,create_time
            ,label_type
            ,create_user_id
            ,level
        </trim>
        <trim prefix="values (" suffix=")" suffixOverrides=",">
            #{id},
            #{labelName},
            #{enable}
            <if test="remark != null and remark != ''">
                ,#{remark}
            </if>
            <if test="enableTime != null">
                ,#{enableTime}
            </if>
            ,#{createBy}
            ,#{createTime}
            ,#{labelType}
            ,#{createUserId}
            ,#{level}
        </trim>
    </insert>

    <insert id="addMarketLabelNature">
        insert into market_label_nature
        <trim prefix="(" suffix=")" suffixOverrides=",">
            label_id,
            <if test="natureBean.conditionValue != null and natureBean.conditionValue != ''">
                condition_value,
            </if>
            create_by,
            create_time,
            create_user_id
            <if test="natureBean.conditionName != null and natureBean.conditionName != ''">
                ,condition_name
            </if>
            <if test="natureBean.conditionMinRange != null and natureBean.conditionMinRange != ''">
                ,condition_min_range
            </if>
            <if test="natureBean.conditionMaxRange != null and natureBean.conditionMaxRange != ''">
                ,condition_max_range
            </if>
            <if test="natureBean.behaviorCondition != null">
                ,behavior_condition
            </if>
        </trim>
        <trim prefix="values (" suffix=")" suffixOverrides=",">
            #{id},
            <if test="natureBean.conditionValue != null and natureBean.conditionValue != ''">
                #{natureBean.conditionValue},
            </if>
            #{createBy},
            #{now},
            #{createUserId}
            <if test="natureBean.conditionName != null and natureBean.conditionName != ''">
                ,#{natureBean.conditionName}
            </if>
            <if test="natureBean.conditionMinRange != null and natureBean.conditionMinRange != ''">
                ,#{natureBean.conditionMinRange}
            </if>
            <if test="natureBean.conditionMaxRange != null and natureBean.conditionMaxRange != ''">
                ,#{natureBean.conditionMaxRange}
            </if>
            <if test="natureBean.behaviorCondition != null">
                ,#{natureBean.behaviorCondition}
            </if>
        </trim>
    </insert>

    <select id="selectMarketLabel" resultMap="selectMarketLabel"
            parameterType="java.lang.Integer">
        SELECT
            ml.id,
            ml.label_name,
            ml.enable,
            ml.remark,
            ml.level,
            n.id as natureId,
            n.condition_name,
            n.condition_min_range,
            n.condition_max_range,
            n.behavior_condition,
            n.condition_value
        FROM
        market_label ml left join market_label_nature n on ml.id = n.label_id
        where ml.is_delete = 0
        and n.is_delete = 0
        and ml.id = #{id}
    </select>

    <update id="editMarketLabel" parameterType="com.boe.bank.common.entity.marketLabel.MarketLabel"
            keyProperty="id" useGeneratedKeys="true">
        update market_label
        <set>
            label_name = #{labelName},
            enable = #{enable}
            <if test="remark != null and remark != ''">
                ,remark = #{remark}
            </if>
            ,update_by = #{updateBy}
            ,update_time = #{updateTime}
            <if test="enableTime != null ">
                ,enable_time = #{enableTime}
            </if>
            <if test="level != null ">
                ,level = #{level}
            </if>
        </set>
        where id = #{id}
    </update>

    <update id="editMarketLabelNatures" parameterType="com.boe.bank.common.bean.marketLabel.MarketLabelNatureInfoBean">
        update market_label_nature
        <set>
            <if test="marketLabelNatureInfoBean.conditionValue != null and marketLabelNatureInfoBean.conditionValue != ''">
                condition_value = #{marketLabelNatureInfoBean.conditionValue},
            </if>
            <if test="marketLabelNatureInfoBean.conditionName != null and marketLabelNatureInfoBean.conditionName != ''">
                condition_name = #{marketLabelNatureInfoBean.conditionName},
            </if>
            <if test="marketLabelNatureInfoBean.conditionMinRange != null and marketLabelNatureInfoBean.conditionMinRange != ''">
                condition_min_range = #{marketLabelNatureInfoBean.conditionMinRange},
            </if>
            <if test="marketLabelNatureInfoBean.conditionMaxRange != null and marketLabelNatureInfoBean.conditionMaxRange != ''">
                condition_max_range = #{marketLabelNatureInfoBean.conditionMaxRange},
            </if>
            <if test="marketLabelNatureInfoBean.behaviorCondition != null">
                behavior_condition = #{marketLabelNatureInfoBean.behaviorCondition},
            </if>
            update_by = #{updateBy},
            update_time = #{now}
        </set>
        where id = #{marketLabelNatureInfoBean.natureId}
    </update>

    <update id="deleteMarketLabel" parameterType="java.lang.Integer">
        update market_label
        <set>
            is_delete = 1
        </set>
        where id = #{id}
    </update>

    <update id="deleteMarketLabelNatureByLabelId" parameterType="java.lang.Integer">
        update market_label_nature
        <set>
            is_delete = 1
        </set>
        where label_id = #{id}
    </update>

    <update id="deleteMarketLabelNature" parameterType="java.lang.Integer">
        update market_label_nature
        <set>
            is_delete = 1
        </set>
        where id = #{id}
    </update>

    <select id="queryMarketLabelsTreeBean" resultType="com.boe.bank.common.entity.marketLabel.MarketLabel"
            parameterType="java.lang.Integer">
        select
        m.id,
        m.parent_id as parentId,
        m.label_type as labelType,
        m.label_name as labelName,
        m.level
        from market_label m
        where
        m.is_delete = 0
        and m.label_type = #{labelType}
        and m.level &lt;&gt; 4
    </select>

    <select id="queryMarketLabelsTreeHaveUserPor" resultType="com.boe.bank.common.entity.marketLabel.MarketLabel"
            parameterType="com.boe.bank.common.bean.userPortrait.UserPortrailtLabelDTO">
        select
        m.id,
        m.parent_id as parentId,
        m.label_type as labelType,
        m.label_name as labelName,
        m.enable
        from market_label m
        where
        m.is_delete = 0
        and m.label_type = #{labelType}
        <if test="portraitId != null and portraitId!=''">
            and m.id not in(select p.label_id from user_portrait_label p where p.portrait_id = #{portraitId} group by p.label_id)
        </if>
    </select>

    <update id="updateMarketLabelPersonNums" parameterType="java.lang.Integer">
        update market_label
        <set>
            person_nums = person_nums + 1
        </set>
        where id = #{id}
    </update>

    <select id="queryMarketLabelsProductPortraits" resultMap="marketByProductPortraits">
        SELECT
            p.product_id,
            p.portrait_id,
            upl.condition_type,
            upl.weight,
            upl.create_time,
            n.label_id,
            ml.label_name,
            ml.label_type,
            n.condition_value,
            n.condition_name,
            n.condition_min_range,
            n.condition_max_range,
            n.behavior_condition
        FROM
            product_portrait p
                INNER JOIN
            user_portrait upl ON p.portrait_id = upl.id
                INNER JOIN
			user_portrait_label pl ON upl.id = pl.portrait_id
				INNER JOIN
            market_label ml ON pl.label_id = ml.id
                INNER JOIN
            market_label_nature n ON ml.id = n.label_id
        WHERE
            ml.enable = 1
		AND ml.is_delete = 0
        AND n.is_delete = 0
    </select>

    <select id="queryMarketLabelHeadr" resultType="com.boe.bank.common.bean.marketLabel.MarketLabelHeadrDTO">

        select
			m.label_name as name,
			ifnull(m.person_nums,0) as value
        from market_label m
        inner join market_label_nature n
        on m.id = n.label_id
        where
			m.is_delete = 0
        and m.enable = 1
        order by value desc limit 0,5

    </select>

</mapper>