<?xml version="1.0" encoding="UTF-8"?>
<!DOCTYPE mapper PUBLIC "-//mybatis.org//DTD Mapper 3.0//EN" "http://mybatis.org/dtd/mybatis-3-mapper.dtd">
<mapper namespace="com.boe.bank.mapper.material.MaterialManageMapper">
    <resultMap id="BaseResultMap" type="com.boe.bank.common.entity.material.MaterialManage">
        <id column="id" jdbcType="INTEGER" property="id"/>
        <result column="lable_id" jdbcType="INTEGER" property="lableId"/>
        <result column="title" jdbcType="VARCHAR" property="title"/>
        <result column="status" jdbcType="INTEGER" property="status"/>
        <result column="type" jdbcType="INTEGER" property="type"/>
        <result column="program_entry" jdbcType="VARCHAR" property="programEntry"/>
        <result column="approval_type" jdbcType="INTEGER" property="approvalType"/>
        <result column="org_id" jdbcType="BIGINT" property="orgId"/>
        <result column="create_user_id" jdbcType="BIGINT" property="createUserId"/>
        <result column="create_by" jdbcType="VARCHAR" property="createBy"/>
        <result column="update_by" jdbcType="VARCHAR" property="updateBy"/>
        <result column="create_time" jdbcType="TIMESTAMP" property="createTime"/>
        <result column="update_time" jdbcType="TIMESTAMP" property="updateTime"/>
        <result column="is_delete" jdbcType="BIT" property="isDelete"/>
        <result column="flag" jdbcType="BIT" property="flag"/>
        <result column="level" jdbcType="INTEGER" property="level"/>
        <result column="parent_id" jdbcType="INTEGER" property="parentId"/>
        <result column="file_type" jdbcType="INTEGER" property="fileType"/>
        <result column="size" jdbcType="INTEGER" property="size"/>
        <result column="md5" jdbcType="VARCHAR" property="md5"/>
        <result column="validity_time" jdbcType="VARCHAR" property="valTime"/>
    </resultMap>
    <resultMap extends="BaseResultMap" id="ResultMapWithBLOBs"
               type="com.boe.bank.common.entity.material.MaterialManage">
        <result column="content" jdbcType="LONGVARCHAR" property="content"/>
    </resultMap>
    <!-- 素材列表map -->
    <resultMap id="ListResultMap" type="com.boe.bank.common.bean.material.MaterialListBean">
        <id column="id" jdbcType="INTEGER" property="id"/>
        <result column="title" jdbcType="VARCHAR" property="title"/>
        <result column="label_title" jdbcType="VARCHAR" property="labelTitle"/>
        <result column="type" jdbcType="INTEGER" property="type"/>
        <result column="content" jdbcType="LONGVARCHAR" property="content"/>
        <result column="status" jdbcType="INTEGER" property="status"/>
        <result column="program_entry" jdbcType="VARCHAR" property="programEntry"/>
        <result column="create_by" jdbcType="VARCHAR" property="createBy"/>
        <result column="update_by" jdbcType="VARCHAR" property="updateBy"/>
        <result column="create_time" jdbcType="TIMESTAMP" property="createTime"/>
        <result column="update_time" jdbcType="TIMESTAMP" property="updateTime"/>
        <result column="valStatus" jdbcType="INTEGER" property="valStatus"/>
    </resultMap>
    <!-- 素材管理map -->
    <resultMap id="FolderResultMap" type="com.boe.bank.common.bean.material.MaterialFolderListBean">
        <id column="id" jdbcType="INTEGER" property="id"/>
        <result column="title" jdbcType="VARCHAR" property="title"/>
        <result column="label_title" jdbcType="VARCHAR" property="labelTitle"/>
        <result column="type" jdbcType="INTEGER" property="type"/>
        <result column="content" jdbcType="LONGVARCHAR" property="content"/>
        <result column="status" jdbcType="INTEGER" property="status"/>
        <result column="file_type" jdbcType="INTEGER" property="fileType"/>
        <result column="valStatus" jdbcType="INTEGER" property="valStatus"/>
    </resultMap>
    <!-- 素材基本信息map -->
    <resultMap id="InfoResultMap" type="com.boe.bank.common.bean.material.MaterialInfoBean">
        <result column="type" jdbcType="INTEGER" property="type"/>
        <result column="title" jdbcType="VARCHAR" property="title"/>
        <result column="label_title" jdbcType="VARCHAR" property="lableTitle"/>
        <result column="content" jdbcType="LONGVARCHAR" property="content"/>
        <result column="program_entry" jdbcType="VARCHAR" property="programEntry"/>
        <result column="approval_title" jdbcType="VARCHAR" property="approvalTitle"/>
        <result column="validity_time" jdbcType="VARCHAR" property="valTime"/>
    </resultMap>
    <!-- 素材统计信息 -->
    <resultMap type="HashMap" id="StatsResultMap">
        <result property="type" jdbcType="INTEGER" column="type"/>
        <result property="count" jdbcType="INTEGER" column="count"/>
    </resultMap>
    <sql id="Base_Column_List">
    id, lable_id, title, status, type, program_entry, approval_type, org_id, create_user_id, 
    create_by, update_by, create_time, update_time, is_delete, flag, level, parent_id, file_type, 
    size, md5,validity_time
  </sql>
    <sql id="Blob_Column_List">
    content
  </sql>

    <!-- 根据查询条件分页获取素材列表 -->
    <select id="getList" resultMap="ListResultMap">
        select t1.id, t1.title, t2.title as label_title, t1.type, t1.content, t1.status, t1.program_entry,
        t1.create_by, t1.update_by, t1.create_time, t1.update_time,
        (CASE WHEN t1.validity_time <![CDATA[ = ]]> '--' THEN 2
              WHEN t1.validity_time <![CDATA[ = ]]> '' THEN 2
              WHEN t1.validity_time <![CDATA[ < ]]> NOW() THEN 0
              WHEN t1.validity_time <![CDATA[ >= ]]> NOW() THEN 1
              else 2
        END
        ) as valStatus
        from t_material_manage t1 LEFT JOIN t_label t2 ON t1.lable_id = t2.id
        <where>
            <if test="bean.title != null and bean.title != ''">
                and t1.title like concat('%',#{bean.title,jdbcType=VARCHAR},'%')
            </if>
            <if test=" bean.labelTitle != null and bean.labelTitle != ''">
                and t2.title like concat('%',#{bean.labelTitle,jdbcType=VARCHAR},'%')
            </if>
            <if test=" bean.status != null and  bean.status >0">
                and t1.status = #{bean.status,jdbcType=INTEGER}
            </if>
            <if test=" bean.orgId != null and  bean.orgId >0">
                and t1.org_id = #{bean.orgId,jdbcType=INTEGER}
            </if>
            <if test=" bean.orgId == null">
                and t1.org_id in
                <foreach collection="myOrgList" index="index" item="item"
                         open="(" separator="," close=")">
                    #{item}
                </foreach>
            </if>
            <if test=" bean.status != null and  bean.status == -1">
                and  t1.validity_time <![CDATA[ < ]]> NOW()
            </if>
            <if test="bean.type != null">
                and t1.type = #{bean.type,jdbcType=INTEGER}
            </if>
            and t1.is_delete = 0 and t1.file_type = 2
        </where>
        order by  t1.update_time DESC
    </select>
    <!-- 素材管理列表分页获取 包含文件夹 -->
    <select id="mfpage"
            resultMap="FolderResultMap">
        select t1.id, t1.title, t2.title as label_title, t1.type, t1.content, t1.status, t1.file_type,
        (CASE WHEN t1.validity_time <![CDATA[ = ]]> '--' THEN 2
              WHEN t1.validity_time <![CDATA[ = ]]> '' THEN 2
              WHEN t1.validity_time <![CDATA[ < ]]> NOW() THEN 0
              WHEN t1.validity_time <![CDATA[ >= ]]> NOW() THEN 1
              else 2
         END
        ) as valStatus
        from t_material_manage t1 LEFT JOIN t_label t2 ON t1.lable_id = t2.id
        <where>
            <if test=" bean.title != null and bean.title != ''">
                and t1.title like concat('%',#{bean.title,jdbcType=VARCHAR},'%')
            </if>
            <if test=" bean.labelTitle != null and bean.labelTitle != ''">
                and t2.title like concat('%',#{bean.labelTitle,jdbcType=VARCHAR},'%')
            </if>
            <if test=" bean.status != null and  bean.status >0">
                and t1.status = #{bean.status,jdbcType=INTEGER}
            </if>
            <if test=" bean.orgId != null and bean.orgId >0">
                and t1.org_id = #{bean.orgId,jdbcType=INTEGER}
            </if>
            <if test=" bean.orgId == null">
                and t1.file_type = 2
                and t1.org_id in
                <foreach collection="myOrgList" index="index" item="item"
                         open="(" separator="," close=")">
                    #{item}
                </foreach>
            </if>
            <if test=" bean.status != null and  bean.status ==-1">
                and  t1.validity_time <![CDATA[ < ]]> NOW()
            </if>
            <if test=" bean.parentId != null">
                and t1.parent_id = #{bean.parentId,jdbcType=INTEGER}
            </if>
            and t1.is_delete = 0
        </where>
        order by t1.file_type ASC, t1.create_time DESC
    </select>


    <!-- 根据文档，应用名称查询是否重复 -->
    <select id="selectByContent" resultMap="ResultMapWithBLOBs">
        select
        <include refid="Base_Column_List"/>
        ,
        <include refid="Blob_Column_List"/>
        from t_material_manage
        <where>
            <if test=" content != null and content != ''">
                and content = #{content,jdbcType=VARCHAR}
            </if>
            <if test=" type != null">
                and type = #{type,jdbcType=INTEGER}
            </if>
            and is_delete = 0
        </where>

    </select>
    <!-- 根据id查看素材信息 -->
    <select id="getMaterialInfo" parameterType="java.lang.Integer" resultMap="InfoResultMap">
    select t1.type, t1.title, t2.title as label_title, t1.content, t1.program_entry ,t1.validity_time,t3.examine_type as approval_title
    from t_material_manage t1 LEFT JOIN t_label t2 ON t1.lable_id = t2.id 
                 LEFT JOIN t_activiti_examine t3 ON t3.id = t1.approval_type
    where  t1.is_delete = 0 and t3.busniess_type = 1 and t3.status = 0
          and t1.id = #{id,jdbcType=INTEGER}
     
  </select>
    <!-- 根据id查看素材信息 -->
    <select id="getMaterialInfoWithDelete" parameterType="java.lang.Integer" resultMap="InfoResultMap">
    select t1.type, t1.title, t2.title as label_title, t1.content, t1.program_entry ,t3.examine_type as approval_title
    from t_material_manage t1 LEFT JOIN t_label t2 ON t1.lable_id = t2.id 
                 LEFT JOIN t_activiti_examine t3 ON t3.id = t1.approval_type
    where t3.busniess_type = 1 and t3.status = 0
          and t1.id = #{id,jdbcType=INTEGER}
     
  </select>
    <!-- 逻辑删除 -->
    <update id="updateDel" parameterType="java.lang.Integer">
    update t_material_manage
    set is_delete = 1
    where id = #{id,jdbcType=INTEGER}
  </update>

    <!-- 批量删除素材 -->
    <update id="updateBatchDel" parameterType="java.lang.Integer">
    update t_material_manage
    set is_delete = 1
    where id in
    <foreach collection="ids" index="index" item="item"
                       open="(" separator="," close=")">
        #{item}
    </foreach>
   </update>

    <!-- 逻辑删除文件夹 -->
    <update id="updateById" parameterType="java.lang.Integer">
  	  UPDATE t_material_manage t
	  SET t.is_delete = 1 
	  WHERE t.id = #{folderId,jdbcType=INTEGER} 
	        OR t.parent_id = #{folderId,jdbcType=INTEGER} 
  </update>
    <!-- 获取二级文件夹的主键id -->
    <select id="getFolderIds" parameterType="java.lang.Integer" resultType="java.lang.Integer">
    select id
    from t_material_manage
    where parent_id = #{folderId,jdbcType=INTEGER} 
          AND is_delete = 0
          AND level = 2 
          AND file_type = 1
  </select>

    <!-- 获取二级文件夹的主键id -->
    <select id="getFolderAndMaterIds" parameterType="java.util.List" resultType="java.lang.Integer">
    select id
    from t_material_manage
    where  is_delete = 0 and parent_id in
    <foreach collection="ids" index="index" item="item"
                 open="(" separator="," close=")">
            #{item}
    </foreach>
  </select>

    <!-- 删除二级文件夹的素材 -->
    <update id="updateByFolder" parameterType="java.util.List">
        update t_material_manage
        set is_delete = 1
        where parent_id in
        <foreach collection="ids" index="index" item="item"
                 open="(" separator="," close=")">
            #{item}
        </foreach>
    </update>

    <select id="selectByPrimaryKey" parameterType="java.lang.Integer" resultMap="ResultMapWithBLOBs">
        select
        <include refid="Base_Column_List"/>
        ,
        <include refid="Blob_Column_List"/>
        from t_material_manage
        where id = #{id,jdbcType=INTEGER} and is_delete = 0
    </select>

    <select id="selectByLabelId" parameterType="java.lang.String" resultType="java.lang.Integer">
    select
    count(lable_id)
    from t_material_manage
    where is_delete = 0
    and lable_id = #{id,jdbcType=VARCHAR}
  </select>

    <delete id="deleteByPrimaryKey" parameterType="java.lang.Integer">
    delete from t_material_manage
    where id = #{id,jdbcType=INTEGER}
  </delete>

    <insert id="insertMaterialList"  parameterType="java.util.ArrayList">
        INSERT INTO
        t_material_manage (id, lable_id,title,status,type,program_entry,approval_type,org_id,create_user_id,create_by,update_by,
        create_time,update_time,is_delete,flag,level,parent_id, file_type,content,size,md5,validity_time)
        values
        <foreach collection="materialManages" item="item" index="index" separator=",">
            (#{item.id},#{item.lableId},#{item.title}, #{item.status},#{item.type},#{item.programEntry},
            #{item.approvalType},#{item.orgId},#{item.createUserId}, #{item.createBy},#{item.updateBy},
            #{item.createTime},#{item.updateTime},#{item.isDelete}, #{item.flag},#{item.level},
            #{item.parentId},#{item.fileType},#{item.content},#{item.size}, #{item.md5},#{item.valTime})
        </foreach>
    </insert>


    <insert id="insertSelective" parameterType="com.boe.bank.common.entity.material.MaterialManage"
            keyProperty="id" useGeneratedKeys="true">
        insert into t_material_manage
        <trim prefix="(" suffix=")" suffixOverrides=",">
            <if test="id != null">
                id,
            </if>
            <if test="lableId != null">
                lable_id,
            </if>
            <if test="title != null">
                title,
            </if>
            <if test="status != null">
                status,
            </if>
            <if test="type != null">
                type,
            </if>
            <if test="programEntry != null">
                program_entry,
            </if>
            <if test="approvalType != null">
                approval_type,
            </if>
            <if test="orgId != null">
                org_id,
            </if>
            <if test="createUserId != null">
                create_user_id,
            </if>
            <if test="createBy != null">
                create_by,
            </if>
            <if test="updateBy != null">
                update_by,
            </if>
            <if test="createTime != null">
                create_time,
            </if>
            <if test="updateTime != null">
                update_time,
            </if>
            <if test="isDelete != null">
                is_delete,
            </if>
            <if test="flag != null">
                flag,
            </if>
            <if test="level != null">
                level,
            </if>
            <if test="parentId != null">
                parent_id,
            </if>
            <if test="fileType != null">
                file_type,
            </if>
            <if test="content != null">
                content,
            </if>
            <if test="size != null">
                size,
            </if>
            <if test="md5 != null">
                md5,
            </if>
            validity_time
        </trim>
        <trim prefix="values (" suffix=")" suffixOverrides=",">
            <if test="id != null">
                #{id,jdbcType=INTEGER},
            </if>
            <if test="lableId != null">
                #{lableId,jdbcType=INTEGER},
            </if>
            <if test="title != null">
                #{title,jdbcType=VARCHAR},
            </if>
            <if test="status != null">
                #{status,jdbcType=INTEGER},
            </if>
            <if test="type != null">
                #{type,jdbcType=INTEGER},
            </if>
            <if test="programEntry != null">
                #{programEntry,jdbcType=VARCHAR},
            </if>
            <if test="approvalType != null">
                #{approvalType,jdbcType=INTEGER},
            </if>
            <if test="orgId != null">
                #{orgId,jdbcType=BIGINT},
            </if>
            <if test="createUserId != null">
                #{createUserId,jdbcType=BIGINT},
            </if>
            <if test="createBy != null">
                #{createBy,jdbcType=VARCHAR},
            </if>
            <if test="updateBy != null">
                #{updateBy,jdbcType=VARCHAR},
            </if>
            <if test="createTime != null">
                #{createTime,jdbcType=TIMESTAMP},
            </if>
            <if test="updateTime != null">
                #{updateTime,jdbcType=TIMESTAMP},
            </if>
            <if test="isDelete != null">
                #{isDelete,jdbcType=BIT},
            </if>
            <if test="flag != null">
                #{flag,jdbcType=BIT},
            </if>
            <if test="level != null">
                #{level,jdbcType=INTEGER},
            </if>
            <if test="parentId != null">
                #{parentId,jdbcType=INTEGER},
            </if>
            <if test="fileType != null">
                #{fileType,jdbcType=INTEGER},
            </if>
            <if test="content != null">
                #{content,jdbcType=LONGVARCHAR},
            </if>
            <if test="size != null">
                #{size,jdbcType=INTEGER},
            </if>
            <if test="md5 != null">
                #{md5,jdbcType=VARCHAR},
            </if>
            #{valTime,jdbcType=TIMESTAMP}
        </trim>
    </insert>
    <update id="updateByPrimaryKeySelective" parameterType="com.boe.bank.common.entity.material.MaterialManage">
        update t_material_manage
        <set>
            <if test="lableId != null">
                lable_id = #{lableId,jdbcType=INTEGER},
            </if>
            <if test="title != null">
                title = #{title,jdbcType=VARCHAR},
            </if>
            <if test="status != null">
                status = #{status,jdbcType=INTEGER},
            </if>
            <if test="type != null">
                type = #{type,jdbcType=INTEGER},
            </if>
            <if test="programEntry != null">
                program_entry = #{programEntry,jdbcType=VARCHAR},
            </if>
            <if test="approvalType != null">
                approval_type = #{approvalType,jdbcType=INTEGER},
            </if>
            <if test="orgId != null">
                org_id = #{orgId,jdbcType=BIGINT},
            </if>
            <if test="createUserId != null">
                create_user_id = #{createUserId,jdbcType=BIGINT},
            </if>
            <if test="createBy != null">
                create_by = #{createBy,jdbcType=VARCHAR},
            </if>
            <if test="updateBy != null">
                update_by = #{updateBy,jdbcType=VARCHAR},
            </if>
            <if test="createTime != null">
                create_time = #{createTime,jdbcType=TIMESTAMP},
            </if>
            <if test="updateTime != null">
                update_time = #{updateTime,jdbcType=TIMESTAMP},
            </if>
            <if test="isDelete != null">
                is_delete = #{isDelete,jdbcType=BIT},
            </if>
            <if test="flag != null">
                flag = #{flag,jdbcType=BIT},
            </if>
            <if test="level != null">
                level = #{level,jdbcType=INTEGER},
            </if>
            <if test="parentId != null">
                parent_id = #{parentId,jdbcType=INTEGER},
            </if>
            <if test="fileType != null">
                file_type = #{fileType,jdbcType=INTEGER},
            </if>
            <if test="content != null">
                content = #{content,jdbcType=LONGVARCHAR},
            </if>
            <if test="size != null">
                size = #{size,jdbcType=INTEGER},
            </if>
            <if test="md5 != null">
                md5 = #{md5,jdbcType=VARCHAR},
            </if>
            <if test="valTime != null">
                validity_time = #{valTime,jdbcType=VARCHAR},
            </if>
        </set>
        where id = #{id,jdbcType=INTEGER}
    </update>

    <!--素材-更新审批状态state-->
    <update id="updateMaterialActiveState"  parameterType="java.lang.Integer">
        update t_material_manage
        <set>
            <if test="updateBy != null and updateBy != ''">
                update_by =  #{updateBy,jdbcType=VARCHAR},
            </if>
            <if test="updateTime != null">
                update_time = #{updateTime,jdbcType=TIMESTAMP},
            </if>
            <if test="status != null">
                status = #{status,jdbcType=INTEGER}
            </if>
        </set>
        where id = #{id,jdbcType=INTEGER}
    </update>



    <select id="getMaterialStats" resultMap="StatsResultMap" parameterType="java.lang.Long">
   select type,count(type) count from t_material_manage where `status`=2 and create_user_id=#{userId,jdbcType=BIGINT} group by type
    </select>

    <select id="getSubMatListByParentId" resultType="java.lang.Integer">
        select
        id
        from t_material_manage
        where parent_id = #{parentId,jdbcType=INTEGER}
        AND is_delete = 0 AND file_type = 2
    </select>

    <select id="getSubListByParentId" resultMap="ResultMapWithBLOBs">
        select
        <include refid="Base_Column_List"/>
        ,
        <include refid="Blob_Column_List"/>
        from t_material_manage
        where parent_id = #{parentId,jdbcType=INTEGER}
        AND is_delete = 0
    </select>

    <select id="getLikeName" resultType="java.lang.Integer">
        select id from t_material_manage where title like concat('%',#{name,jdbcType=VARCHAR},'%')
    </select>
    <!-- 素材管理列表分页获取 计划管理-添加素材 -->
    <select id="pfpage" resultMap="FolderResultMap">
        select t1.id, t1.title, t2.title as label_title, t1.type, t1.content, t1.status, t1.file_type
        from t_material_manage t1 LEFT JOIN t_label t2 ON t1.lable_id = t2.id
        <where>
            <if test="bean.planId != null and bean.planId >0">
            NOT EXISTS(SELECT p.id FROM  t_plan_material p WHERE  p.material_id =t1.id  AND p.plan_id =#{bean.planId,jdbcType=INTEGER})
            </if>
            <if test=" bean.title != null and bean.title != ''">
                and t1.title like concat('%',#{bean.title,jdbcType=VARCHAR},'%')
            </if>
            <if test=" bean.labelTitle != null and bean.labelTitle != ''">
                and t2.title like concat('%',#{bean.labelTitle,jdbcType=VARCHAR},'%')
            </if>
            <if test=" bean.status != null and  bean.status >0">
                and t1.status = #{bean.status,jdbcType=INTEGER}
            </if>
<!--            <if test=" orgId != null">-->
<!--                and t1.org_id = #{bean.orgId,jdbcType=INTEGER}-->
<!--            </if>-->
            <if test="orgIdList != null and orgIdList.size() > 0">
                and  t1.org_id in
                <foreach collection="orgIdList" item="item" index="index" open="(" close=")" separator=",">
                    #{item}
                </foreach>
            </if>
<!--            <if test=" parentId != null">-->
<!--                and t1.parent_id = #{parentId,jdbcType=INTEGER}-->
<!--            </if>-->
            and   t1.type !=0  AND  t1.is_delete = 0 and (t1.validity_time <![CDATA[ = ]]> '--' or t1.validity_time <![CDATA[ >= ]]> NOW())
        </where>
        order by t1.file_type ASC, t1.create_time DESC
    </select>

</mapper>