<?xml version="1.0" encoding="UTF-8" ?>
<!DOCTYPE mapper PUBLIC "-//mybatis.org//DTD Mapper 3.0//EN" "http://mybatis.org/dtd/mybatis-3-mapper.dtd" >
<mapper namespace="com.boe.bank.mapper.planmanageMapper.PlanManageMapper">

    <resultMap id="BaseResultMap" type="com.boe.bank.common.entity.planmanage.PlanManage">
        <id column="id" property="id" jdbcType="BIGINT"/>
        <result column="title" property="title" jdbcType="VARCHAR"/>
        <result column="begin_time" property="beginTime" jdbcType="TIMESTAMP"/>
        <result column="end_time" property="endTime" jdbcType="TIMESTAMP"/>
        <result column="plan_time" property="planTime" jdbcType="VARCHAR"/>
        <result column="remark" property="remark" jdbcType="VARCHAR"/>
        <result column="is_deleted" property="isDeleted" jdbcType="INTEGER"/>
        <result column="org_id" property="orgId" jdbcType="BIGINT"/>
        <result column="create_by" property="createBy" jdbcType="VARCHAR"/>
        <result column="create_time" property="createTime" jdbcType="TIMESTAMP"/>
        <result column="update_by" property="updateBy" jdbcType="VARCHAR"/>
        <result column="update_time" property="updateTime" jdbcType="TIMESTAMP"/>
        <result column="create_user_id" property="createUserId" jdbcType="BIGINT"/>
        <result column="state" property="state" jdbcType="INTEGER"/>
<!--        <result column="play_status" property="playStatus" jdbcType="VARCHAR"/>-->
    </resultMap>

    <resultMap id="PlanResultMap" type="com.boe.bank.common.entity.planmanage.PlanManage">
        <id column="id" property="id" jdbcType="BIGINT"/>
        <result column="title" property="title" jdbcType="VARCHAR"/>
        <result column="begin_time" property="beginTime" jdbcType="TIMESTAMP"/>
        <result column="end_time" property="endTime" jdbcType="TIMESTAMP"/>
        <result column="plan_time" property="planTime" jdbcType="VARCHAR"/>
        <result column="orgName" property="orgName" jdbcType="VARCHAR"/>
        <result column="remark" property="remark" jdbcType="VARCHAR"/>
        <result column="is_deleted" property="isDeleted" jdbcType="INTEGER"/>
        <result column="org_id" property="orgId" jdbcType="BIGINT"/>
        <result column="create_by" property="createBy" jdbcType="VARCHAR"/>
        <result column="create_time" property="createTime" jdbcType="TIMESTAMP"/>
        <result column="update_by" property="updateBy" jdbcType="VARCHAR"/>
        <result column="update_time" property="updateTime" jdbcType="TIMESTAMP"/>
        <result column="create_user_id" property="createUserId" jdbcType="BIGINT"/>
        <result column="state" property="state" jdbcType="INTEGER"/>
        <result column="audit_state" property="auditState" jdbcType="VARCHAR"/>
        <collection property="list" javaType="list" ofType="com.boe.bank.common.bean.planmanagebean.PlanMaterialManageBean"
            select="findMaterial" column="{plan_id=id}">
        </collection>
    </resultMap>



    <resultMap id="PlanMaterialMap" type="com.boe.bank.common.bean.planmanagebean.PlanMaterialManageBean">
        <id column="id" property="id" jdbcType="BIGINT"/>
        <result column="title" property="title" jdbcType="VARCHAR"/>
        <result column="parent_id" property="parentId" jdbcType="BIGINT"/>
        <result column="content" property="content" jdbcType="LONGVARCHAR"/>
        <result column="program_entry" property="programEntry" jdbcType="VARCHAR"/>
        <result column="type" property="type" jdbcType="INTEGER"/>
        <result column="file_type" property="fileType" jdbcType="INTEGER"/>
        <result column="play_operation" property="playOperation" jdbcType="INTEGER"/>
        <result column="screen_area" property="screenArea" jdbcType="INTEGER"/>
        <result column="file_size" property="fileSize" jdbcType="INTEGER"/>
        <result column="md5" property="md5" jdbcType="VARCHAR"/>
        <result column="validity_time" property="valTime" jdbcType="VARCHAR"/>
        <result column="lable_id" property="lableId" jdbcType="INTEGER"/>
        <result column="lableName" property="lableName" jdbcType="VARCHAR"/>
        <result column="typeName" property="typeName" jdbcType="VARCHAR"/>
    </resultMap>

    <sql id="Base_PlanManage_One">
          id,title,org_id,begin_time,end_time,plan_time,remark
    </sql>

    <!--    根据计划id获取素材-->
    <select id="findMaterial" resultType="com.boe.bank.common.bean.planmanagebean.PlanMaterialManageBean" >
       SELECT
        t.material_id id,t.play_operation playOperation,t.screen_area screenArea
        FROM
        t_plan_material t
        WHERE  EXISTS(SELECT m.id FROM t_material_manage m WHERE   m.id = t.material_id
        AND  m.validity_time <![CDATA[ = ]]> '--' OR m.validity_time <![CDATA[ >= ]]> NOW())
        AND t.plan_id = #{plan_id,jdbcType=INTEGER}
    </select>

    <!--计划管理-添加-->
    <insert id="insertPlanManage" parameterType="com.boe.bank.common.entity.planmanage.PlanManage"
            keyProperty="id" useGeneratedKeys="true">
        insert into t_plan_manage
        <trim prefix="(" suffix=")" suffixOverrides=",">
            <if test="id != null and id >0">
                id,
            </if>
            <if test="title != null and title!=''">
                title,
            </if>
            <if test="beginTime != null">
                begin_time,
            </if>
            <if test="endTime != null">
                end_time,
            </if>
            <if test="planTime != null and planTime != ''">
                plan_time,
            </if>
            <if test="remark != null ">
                remark,
            </if>
            <if test="orgId != null and orgId >0">
                org_id,
            </if>
<!--            <if test="playStatus != null and playStatus != ''">-->
<!--                play_status,-->
<!--            </if>-->
            <if test="createUserId != null and createUserId >0">
                create_user_id,
            </if>
            <if test="createBy != null and createBy != ''">
                create_by,
            </if>
            <if test="createTime != null">
                create_time,
            </if>
            <if test="createTime != null">
                update_time
            </if>
        </trim>
        <trim prefix="values (" suffix=")" suffixOverrides=",">
            <if test="id != null and id!=''">
                #{id,jdbcType=BIGINT},
            </if>
            <if test="title != null and title!=''">
                #{title,jdbcType=VARCHAR},
            </if>
            <if test="beginTime != null">
                #{beginTime,jdbcType=TIMESTAMP},
            </if>
            <if test="endTime != null">
                #{endTime,jdbcType=TIMESTAMP},
            </if>
            <if test="planTime != null and planTime != ''">
                #{planTime,jdbcType=VARCHAR},
            </if>
            <if test="remark != null ">
                #{remark,jdbcType=VARCHAR},
            </if>
            <if test="orgId != null and orgId >0">
                #{orgId,jdbcType=BIGINT},
            </if>
<!--            <if test="playStatus != null and playStatus != ''">-->
<!--                #{playStatus,jdbcType=BIGINT},-->
<!--            </if>-->
            <if test="createUserId != null and createUserId >0">
                #{createUserId,jdbcType=BIGINT},
            </if>
            <if test="createBy != null and createBy != ''">
                #{createBy,jdbcType=VARCHAR},
            </if>
            <if test="createTime != null">
                #{createTime,jdbcType=TIMESTAMP},
            </if>
            <if test="createTime != null">
                #{createTime,jdbcType=TIMESTAMP}
            </if>
        </trim>
    </insert>



    <!--计划管理-修改-->
    <update id="updatePlanManage" parameterType="com.boe.bank.common.entity.planmanage.PlanManage">
        update t_plan_manage
        <set>

            <if test="title != null and title!=''">
                title = #{title,jdbcType=VARCHAR},
            </if>
            <if test="beginTime != null">
                begin_time =  #{beginTime,jdbcType=TIMESTAMP},
            </if>
            <if test="endTime != null">
                end_time = #{endTime,jdbcType=TIMESTAMP},
            </if>
            <if test="planTime != null and planTime != ''">
                plan_time = #{planTime,jdbcType=VARCHAR},
            </if>
            <if test="remark != null ">
                remark = #{remark,jdbcType=VARCHAR},
            </if>
            <if test="createUserId != null and createUserId >0">
                create_user_id = #{createUserId,jdbcType=BIGINT},
            </if>
            <if test="updateBy != null and updateBy != ''">
                update_by =  #{updateBy,jdbcType=VARCHAR},
            </if>
            <if test="updateTime != null">
                update_time = #{updateTime,jdbcType=TIMESTAMP},
            </if>
            <if test="state != null">
                state = #{state},
            </if>
        </set>
        where id = #{id,jdbcType=INTEGER}
    </update>

    <!--计划素材关联表-添加-->
    <insert id="insertPlanMaterialId">
        insert into t_plan_material (plan_id,material_id,create_user_id,create_by,create_time,play_operation,screen_area)
        VALUES
        <foreach collection="list" item="planMaterial" separator=",">
            (#{planId},#{planMaterial.id},#{createUserId},#{createBy},#{createTime},#{planMaterial.playOperation},#{planMaterial.screenArea})
        </foreach>
    </insert>

    <!--计划管理-删除-->
    <update id="updatePlanManageDel"  parameterType="java.lang.String">
        update t_plan_manage set is_deleted = 1 where id in
        <foreach collection="array" item="id" open="(" separator="," close=")">
            #{id}
        </foreach>
    </update>

    <!--计划素材关联表-删除-->
    <delete id="deletePlanMaterial"  parameterType="java.lang.String">
        delete from  t_plan_material  where plan_id in
        <foreach collection="array" item="id" open="(" separator="," close=")">
            #{id}
        </foreach>
    </delete>

    <!--计划管理-根据id查询详细信息-->
    <select id="getPlanManageById" resultMap="BaseResultMap" parameterType="java.lang.Integer">
        SELECT
        <include refid="Base_PlanManage_One"/>
        FROM
        t_plan_manage
        where id = #{id,jdbcType=INTEGER}
    </select>


    <!--计划管理-分页-->
    <select id="getPlanManageList"   resultMap="PlanResultMap">
        select
        p.id, p.org_id,
        p.state,
        (CASE p.state WHEN '1' THEN '审批中' WHEN '2' THEN '已通过' WHEN '3' THEN '已拒绝' ELSE '其他' END) as audit_state,
        p.play_status,p.title,p.create_by,p.create_time,p.update_by,p.update_time,p.begin_time,p.end_time,p.plan_time,p.remark,o.name orgName
        FROM
        t_plan_manage p
        left join sys_organization o on p.org_id =o.id
        <if test="areaNum != null">
            left join (select plan_id, max(screen_area) area_num from t_plan_material group by plan_id) t
            on p.id = t.plan_id
        </if>
        <where>
           p.is_deleted =0
            <if test="title!=null and title!=''">
                and p.title like CONCAT ('%',#{title,jdbcType=VARCHAR},'%')
            </if>
            <if test="createBy!=null and createBy!=''">
                and p.create_by like CONCAT ('%',#{createBy,jdbcType=VARCHAR},'%')
            </if>
            <if test="updateBy!=null and updateBy!=''">
                and p.update_by like CONCAT ('%',#{updateBy,jdbcType=VARCHAR},'%')
            </if>
            <if test="state != null">
                and p.state = #{state}
            </if>
            <if test="areaNum != null">
                and t.area_num &gt;= #{areaNum}
            </if>
            <if test="idList != null and idList.size() > 0">
                and p.id in
                <foreach collection="idList" item="item" index="index" open="(" close=")" separator=",">
                    #{item}
                </foreach>
            </if>
            <if test="orgIdList != null and orgIdList.size() > 0">
                and p.org_id in
                <foreach collection="orgIdList" item="item" index="index" open="(" close=")" separator=",">
                    #{item}
                </foreach>
            </if>
        </where>
        order by p.update_time desc
    </select>

    <!--计划管理-根据计划id获取素材-->
    <select id="getPlanMaterialByPlanId" resultMap="PlanMaterialMap" parameterType="java.lang.Integer">
       SELECT
        m.id,m.content,m.program_entry,m.file_type,m.size file_size,m.md5,m.parent_id,
        m.title,
        m.lable_id,
        m.validity_time,
        t2.title lableName,
        m.type,
        (CASE m.type WHEN 0 THEN '文件夹' WHEN 1 THEN '图片' WHEN 2 THEN '视频资源'
        WHEN 3 THEN '文本信息'  WHEN 4 THEN 'web资源'
        WHEN 5 THEN '文档管理'   WHEN 6 THEN '应用程序'   ELSE '其他' END) AS typeName,
        p.play_operation,
        p.screen_area
        FROM
        t_material_manage m
        LEFT JOIN t_plan_material p ON m.id =p.material_id
        LEFT JOIN t_label t2 ON m.lable_id = t2.id
        WHERE  m.status =2 AND  p.plan_id = #{id,jdbcType=INTEGER}
--         and  m.validity_time <![CDATA[ = ]]> '永久' or m.validity_time <![CDATA[ >= ]]> NOW()
    </select>

    <!--计划管理-根据计划id获取素材id集合-->
    <select id="getMaterialIdByPlanId" resultType="com.boe.bank.common.bean.planmanagebean.PlanMaterialManageBean"  parameterType="java.lang.Integer">
       SELECT
        p.material_id id ,p.play_operation playOperation,p.screen_area screenArea
        FROM
        t_material_manage m
        LEFT JOIN t_plan_material p ON m.id =p.material_id
        WHERE  m.status =2 AND  plan_id = #{id,jdbcType=INTEGER}
    </select>


    <!--计划管理-删除计划素材关联表-->
    <delete id="deletePlanMaterialByPlanId"  parameterType="java.lang.Integer">
        delete
        from t_plan_material
        where plan_id = #{id,jdbcType=INTEGER}
    </delete>

    <!--计划管理-根据素材id获取计划素材关联表的数量-->
    <select id="getPlanAndMaterialCount" resultType="java.lang.Integer">
       SELECT COUNT(*) FROM t_plan_material t
       WHERE  EXISTS(SELECT m.id FROM t_material_manage m WHERE   m.id = t.material_id
       AND  m.validity_time = '--' OR m.validity_time  >=  NOW())
      AND t.material_id = #{id,jdbcType=INTEGER}
    </select>

    <!--计划管理-根据多个素材id获取计划素材关联表的数量-->
    <select id="getManyPlanAndMaterialCount" parameterType="java.util.List" resultType="java.lang.Integer">
      SELECT COUNT(*) FROM t_plan_material
      where material_id  in
        <foreach collection="ids" index="index" item="item"
                 open="(" separator="," close=")">
            #{item}
        </foreach>
    </select>

    <select id="listByIds" parameterType="java.util.List" resultMap="BaseResultMap">
        SELECT id,title,org_id,begin_time,end_time,plan_time,remark,IF(update_time IS NULL, create_time, update_time) update_time
        FROM t_plan_manage
        WHERE id IN
        <foreach collection="idList" item="item" index="index" open="(" close=")" separator=",">
            #{item}
        </foreach>
    </select>

    <!--计划管理-编辑state-->
    <update id="updatePlanManageState"  parameterType="java.lang.Integer">
        update t_plan_manage
        <set>
            <if test="updateBy != null and updateBy != ''">
                update_by =  #{updateBy,jdbcType=VARCHAR},
            </if>
            <if test="updateTime != null">
                update_time = #{updateTime,jdbcType=TIMESTAMP},
            </if>
            <if test="state != null">
                state = #{state,jdbcType=BIGINT}
            </if>
        </set>
        where id = #{id,jdbcType=INTEGER}
    </update>

    <select id="getLikeName" resultType="java.lang.Integer">
        SELECT id FROM t_plan_manage where title like CONCAT ('%',#{name,jdbcType=VARCHAR},'%')
    </select>

    <!--计划管理-批量添加-->
    <insert id="batchInsertPlanManage" parameterType="com.boe.bank.common.entity.planmanage.PlanManage">
        insert into t_plan_manage (id,title,begin_time,end_time,plan_time,remark,org_id,create_user_id,create_by,create_time,update_time)
        VALUES
        <foreach collection="planManageList" item="plan" separator=",">
            (#{plan.id},#{plan.title},#{plan.beginTime},#{plan.endTime},#{plan.planTime},#{plan.remark},#{plan.orgId},#{plan.createUserId},#{plan.createBy},#{plan.createTime},#{plan.createTime})
        </foreach>
    </insert>

    <!--计划管理-批量添加计划素材关联表-->
    <insert id="batchInsertPlanMaterialId">
        insert into t_plan_material (plan_id,material_id,create_user_id,create_by,create_time,play_operation,screen_area)
        VALUES
        <foreach collection="pList" item="planMaterial" separator=",">
            (#{planMaterial.planId},#{planMaterial.id},#{createUserId},#{createBy},#{createTime},#{planMaterial.playOperation},#{planMaterial.screenArea})
        </foreach>
    </insert>

<!--    根据mac批量获取设备的屏幕区域-->
    <select id="batGetByMac" parameterType="java.util.List" resultType="com.boe.bank.common.entity.equipment.EquipmentAndEnameConfig">
        SELECT e.screen_layout screenLayout,e.mac,eq.name
        FROM t_equipment_config e
        left join t_equipment eq on e.mac = eq.mac
        WHERE eq.is_delete =0 and e.mac IN
        <foreach collection="equipMacList" item="item" index="index" open="(" close=")" separator=",">
            #{item}
        </foreach>
    </select>

    <!--删除计划设备关联表-物理删除-->
    <delete id="delEquipment"  parameterType="java.util.List">
        delete from  t_equipment_plan  where plan_id =#{id}
        and mac in
        <foreach collection="delEquipMac" item="mac" open="(" separator="," close=")">
            #{mac}
        </foreach>
    </delete>

    <!--删除计划设备关联表-逻辑删除-->
    <!--    <update id="delEquipment"  parameterType="java.util.List">-->
<!--        update   t_equipment_plan set is_delete = 1  where plan_id =#{id}-->
<!--         and mac in-->
<!--        <foreach collection="delEquipMac" item="mac" open="(" separator="," close=")">-->
<!--            #{mac}-->
<!--        </foreach>-->
<!--    </update>-->

    <!--添加计划设备关联表-->
    <insert id="editEquipment">
        insert into t_equipment_plan (mac,plan_id,create_by,create_time,create_user_id,type)
        VALUES
        <foreach collection="equipMac" item="item" separator=",">
            (#{item},#{id},#{createBy},#{createTime},#{createUserId},#{type})
        </foreach>
    </insert>

    <!--根据计划id计划和设备表-->
    <select id="getByPlanIdAndType" parameterType="java.util.List" resultType="com.boe.bank.common.entity.equipment.EquipmentPlan">
        SELECT plan_id as planId ,mac,id,type
        FROM t_equipment_plan
        WHERE is_delete = 0 and  plan_id = #{id}
    </select>


    <!--计划管理-根据计划id获取素材-->
    <select id="getScreenCountByPlanId"  resultType="com.boe.bank.common.bean.planmanagebean.PlanMaterialManageBean">
       SELECT t.plan_id, MIN(t.screen_area) screenArea FROM t_plan_material t
       WHERE  EXISTS(SELECT m.id FROM t_material_manage m WHERE   m.id = t.material_id
       AND  m.validity_time <![CDATA[ = ]]> '--' OR m.validity_time <![CDATA[ >= ]]> NOW())
       AND  t.plan_id = #{id}
       GROUP BY t.plan_id
    </select>

    <!--计划管理-根据批量计划id获取素材-->
    <select id="getBatchPlanMaterialByPlanId" resultMap="PlanMaterialMap" >
       SELECT
        ma.title,
        t.plan_id as id,
        min(t.screen_area) screen_area
        FROM
        t_plan_material t
        left join t_plan_manage ma on t.plan_id = ma.id
        WHERE  EXISTS(SELECT m.id FROM t_material_manage m WHERE   m.id = t.material_id
        AND  m.validity_time <![CDATA[ = ]]> '--' OR m.validity_time <![CDATA[ >= ]]> NOW())
        and    t.plan_id in
        <foreach collection="planIds" item="item" index="index" open="(" close=")" separator=",">
            #{item}
        </foreach>
        group by t.plan_id
    </select>

</mapper>