<?xml version="1.0" encoding="UTF-8" ?>
<!DOCTYPE mapper PUBLIC "-//mybatis.org//DTD Mapper 3.0//EN" "http://mybatis.org/dtd/mybatis-3-mapper.dtd" >
<mapper namespace="com.boe.bank.mapper.productlibraryMapper.ProductLibraryMapper">

    <resultMap id="BaseResultMap" type="com.boe.bank.common.entity.productlibrary.ProductLibrary">
        <id column="id" property="id" jdbcType="INTEGER"/>
        <result column="product_name" property="productName" jdbcType="VARCHAR"/>
        <result column="enable" property="enable" jdbcType="INTEGER"/>
        <result column="enableName" property="enableName" jdbcType="VARCHAR"/>
        <result column="product_type" property="productType" jdbcType="VARCHAR"/>
        <result column="product_no" property="productNo" jdbcType="VARCHAR"/>
        <result column="product_tactics" property="productTactics" jdbcType="INTEGER"/>
        <result column="portrait_img_url" property="portraitImgUrl" jdbcType="VARCHAR"/>
        <result column="is_deleted" property="isDeleted" jdbcType="INTEGER"/>
        <result column="portrait_count" property="portraitCount" jdbcType="INTEGER"/>
        <result column="create_by" property="createBy" jdbcType="VARCHAR"/>
        <result column="create_time" property="createTime" jdbcType="TIMESTAMP"/>
        <result column="create_user_id" property="createUserId" jdbcType="BIGINT"/>
        <result column="update_by" property="updateBy" jdbcType="VARCHAR"/>
        <result column="update_time" property="updateTime" jdbcType="TIMESTAMP"/>
    </resultMap>


    <sql id="Base_ProductLibrary_One">
        id,product_name,enable,product_type,product_no,portrait_img_url,product_tactics
    </sql>

    <!--产品库-添加-->
    <insert id="insertProductLibrary" parameterType="com.boe.bank.common.entity.productlibrary.ProductLibrary">
        insert into product_library
        <trim prefix="(" suffix=")" suffixOverrides=",">
            <if test="productName != null and productName!=''">
                product_name,
            </if>
            <if test="enable != null">
                enable,
            </if>
            <if test="productType != null and productType != ''">
                product_type,
            </if>
            <if test="productNo != null and productNo != ''">
                product_no,
            </if>
            <if test="portraitImgUrl != null and portraitImgUrl != ''">
                portrait_img_url,
            </if>
            <if test="createUserId != null and createUserId >0">
                create_user_id,
            </if>
            <if test="createBy != null and createBy != ''">
                create_by,
            </if>
            <if test="createTime != null">
                create_time
            </if>
        </trim>
        <trim prefix="values (" suffix=")" suffixOverrides=",">
            <if test="productName != null and productName!=''">
                #{productName,jdbcType=VARCHAR},
            </if>
            <if test="enable != null">
                #{enable,jdbcType=BIGINT},
            </if>
            <if test="productType != null and productType != ''">
                #{productType,jdbcType=VARCHAR},
            </if>
            <if test="productNo != null and productNo != ''">
                #{productNo,jdbcType=VARCHAR},
            </if>
            <if test="portraitImgUrl != null and portraitImgUrl != ''">
                #{portraitImgUrl,jdbcType=VARCHAR},
            </if>
            <if test="createUserId != null and createUserId >0">
                #{createUserId,jdbcType=BIGINT},
            </if>
            <if test="createBy != null and createBy != ''">
                #{createBy,jdbcType=VARCHAR},
            </if>
            <if test="createTime != null">
                #{createTime,jdbcType=TIMESTAMP}
            </if>
        </trim>
    </insert>

    <!--产品库-修改-->
    <update id="updateProductLibrary" parameterType="com.boe.bank.common.entity.productlibrary.ProductLibrary">
        update product_library
        <set>
            <if test="productName != null and productName!=''">
                product_name = #{productName,jdbcType=VARCHAR},
            </if>
            <if test="enable != null">
                enable = #{enable,jdbcType=BIGINT},
            </if>
            <if test="productType != null and productType != ''">
                product_type = #{productType,jdbcType=VARCHAR},
            </if>
            <if test="productNo != null and productNo != ''">
                product_no = #{productNo,jdbcType=VARCHAR},
            </if>
            <if test="productTactics != null ">
                product_tactics = #{productTactics,jdbcType=BIGINT},
            </if>
            <if test="portraitImgUrl != null and portraitImgUrl != ''">
                portrait_img_url = #{portraitImgUrl,jdbcType=VARCHAR},
            </if>
            <if test="updateBy != null and updateBy != ''">
                update_by = #{updateBy,jdbcType=VARCHAR},
            </if>
            <if test="updateTime != null">
                update_time = #{updateTime,jdbcType=TIMESTAMP}
            </if>
        </set>
        where id = #{id,jdbcType=INTEGER}
    </update>

    <!--产品库-删除-->
    <update id="updateProductLibraryDel"  parameterType="java.lang.String">
        update product_library set is_deleted = 1 where id in
        <foreach collection="array" item="id" open="(" separator="," close=")">
            #{id}
        </foreach>
    </update>

    <!--产品库-分页-->
    <select id="getProductLibraryList" resultMap="BaseResultMap">
        select
        p.id,p.product_name,p.enable,
        p.product_type,
        p.product_no,p.portrait_img_url
        FROM
        product_library p
        <where>
            p.is_deleted =0
            <if test="enable!=null ">
                and p.enable = #{enable,jdbcType=INTEGER}
            </if>
            <if test="productType!=null and productType!=''">
                and p.product_type = #{productType,jdbcType=VARCHAR}
            </if>
            <if test="productName!=null and productName!=''">
                and p.product_name like CONCAT ('%',#{productName,jdbcType=VARCHAR},'%')
            </if>
            <if test="productNo!=null and productNo!=''">
                and p.product_no like CONCAT ('%',#{productNo,jdbcType=VARCHAR},'%')
            </if>

        </where>
        order by p.create_time desc
    </select>


    <!--产品库-导出-->
    <select id="getProductLibraryExportList" resultMap="BaseResultMap">
        select
        p.id,p.product_name,
        (CASE  p.enable  WHEN 0 THEN '停用' WHEN 1 THEN '启用' ELSE '其它' END) as enableName,
        (CASE  p.product_type  WHEN 'p001' THEN '信用卡' WHEN 'p002' THEN '借记卡' ELSE '其它' END) as product_type,
        p.product_no,p.portrait_img_url
        FROM
        product_library p
        <where>
            p.is_deleted =0
            <if test="enable!=null ">
                and p.enable = #{enable,jdbcType=INTEGER}
            </if>
            <if test="productType!=null and productType!=''">
                and p.product_type = #{productType,jdbcType=VARCHAR}
            </if>
            <if test="productName!=null and productName!=''">
                and p.product_name like CONCAT ('%',#{productName,jdbcType=VARCHAR},'%')
            </if>
            <if test="productNo!=null and productNo!=''">
                and p.product_no like CONCAT ('%',#{productNo,jdbcType=VARCHAR},'%')
            </if>

        </where>
         order by p.create_time desc
    </select>

    <!--产品库-根据计划id获取产品信息-->
    <select id="getProductLibraryById" resultMap="BaseResultMap" parameterType="java.lang.Integer">
        SELECT
        <include refid="Base_ProductLibrary_One"/>
        FROM
        product_library
        where id = #{id,jdbcType=INTEGER}
    </select>

    <select id="queryProductByPortraitId" resultMap="BaseResultMap" parameterType="java.lang.Integer">
        SELECT
            d.id,d.product_name,d.enable,d.product_type,d.product_no,d.portrait_img_url,d.product_tactics
        FROM
        product_library d inner join product_portrait p on d.id = p.product_id
        where d.is_deleted = 0
        and d.id = #{id,jdbcType=INTEGER}
    </select>

    <!--营销策略-分页-->
    <select id="getMarketingStrategyList" resultMap="BaseResultMap">
        select
        p.id,p.product_name,p.enable,
        p.product_type,
        p.product_no,p.product_tactics,
        (SELECT COUNT(*) FROM product_portrait pp WHERE p.id = pp.product_id ) AS portrait_count
        FROM
        product_library p
        <where>
            p.is_deleted =0
            <if test="enable!=null ">
                and p.enable = #{enable,jdbcType=INTEGER}
            </if>
            <if test="productType!=null and productType!=''">
                and p.product_type = #{productType,jdbcType=VARCHAR}
            </if>
            <if test="productName!=null and productName!=''">
                and p.product_name like CONCAT ('%',#{productName,jdbcType=VARCHAR},'%')
            </if>
            <if test="productNo!=null and productNo!=''">
                and p.product_no like CONCAT ('%',#{productNo,jdbcType=VARCHAR},'%')
            </if>

        </where>
        order by p.create_time desc
    </select>

    <!--营销策略-导出-->
    <select id="getMarketingStrategyExportList" resultMap="BaseResultMap">
        select
        p.id,p.product_name,
        (CASE  p.enable  WHEN 0 THEN '停用' WHEN 1 THEN '启用' ELSE '其它' END) as enableName,
        (CASE  p.product_type  WHEN 'p001' THEN '信用卡' WHEN 'p002' THEN '借记卡' ELSE '其它' END) as product_type,
        p.product_no,p.product_tactics,
        (SELECT COUNT(*) FROM product_portrait pp WHERE p.id = pp.product_id ) AS portrait_count
        FROM
        product_library p
        <where>
            p.is_deleted =0
            <if test="enable!=null ">
                and p.enable = #{enable,jdbcType=INTEGER}
            </if>
            <if test="productType!=null and productType!=''">
                and p.product_type = #{productType,jdbcType=VARCHAR}
            </if>
            <if test="productName!=null and productName!=''">
                and p.product_name like CONCAT ('%',#{productName,jdbcType=VARCHAR},'%')
            </if>
            <if test="productNo!=null and productNo!=''">
                and p.product_no like CONCAT ('%',#{productNo,jdbcType=VARCHAR},'%')
            </if>

        </where>
         order by p.create_time desc
    </select>

    <!--营销策略-通过策略id查询策略-->
    <select id="getMarketingPortraitBeanById" resultType="com.boe.bank.common.bean.productlibrarybean.MarketingPortraitBean">
        SELECT
        u.id,u.portrait_name AS portraitName
        FROM
        user_portrait u
        WHERE  u.is_delete = 0
        AND  EXISTS(SELECT id FROM product_portrait p WHERE  p.portrait_id =u.id AND p.product_id =#{id,jdbcType=INTEGER})
        order by u.create_time desc
    </select>


    <!--营销策略-添加图像-中间表-->
    <insert id="insertMarketingPortrait" parameterType="com.boe.bank.common.bean.productlibrarybean.MarketingPortraitBean">
        insert into product_portrait (product_id,portrait_id,create_by,create_time)
        VALUES
        <foreach collection="portraitIds" item="portraitIds"  separator=",">
        (#{productId},#{portraitIds},#{createBy},#{createTime})
        </foreach>
    </insert>

    <!--营销策略-图像删除-->
    <delete id="deleteMarketingPortrait"  parameterType="java.lang.Integer">
        delete from  product_portrait  where  product_id = #{id}
    </delete>

    <!--通过产品id查询产品图像中间表数量-->
    <select id="findMarketingPortraitCountByProudctId" resultType="java.lang.Integer">
        SELECT  count(*) FROM
        product_portrait
        where product_id in
        <foreach collection="array" item="id" open="(" separator="," close=")">
            #{id}
        </foreach>
    </select>

    <!--根据产品id删除产品图像中间表-->
    <delete id="marketingPortraitDelete"  parameterType="java.lang.String">
        delete from  product_portrait  where  product_id in
        <foreach collection="array" item="id" open="(" separator="," close=")">
            #{id}
        </foreach>
    </delete>

    <select id="productByportraitId" resultType="java.lang.Integer" parameterType="java.lang.Integer">
        SELECT  count(id) FROM
        product_portrait
        where portrait_id = #{id}
    </select>

</mapper>