<?xml version="1.0" encoding="UTF-8" ?>
<!DOCTYPE mapper PUBLIC "-//mybatis.org//DTD Mapper 3.0//EN" "http://mybatis.org/dtd/mybatis-3-mapper.dtd" >
<mapper namespace="com.boe.bank.mapper.dictMapper.SysDictionariesMapper">
    <resultMap id="BaseResultMap" type="com.boe.bank.common.entity.dict.SysDictionaries">
        <id column="id" property="id" jdbcType="INTEGER"/>
        <result column="is_enabled" property="isEnabled" jdbcType="INTEGER"/>
        <result column="title" property="title" jdbcType="VARCHAR"/>
        <result column="code" property="code" jdbcType="VARCHAR"/>
        <result column="remark" property="remark" jdbcType="VARCHAR"/>
        <result column="code_value" property="codeValue" jdbcType="VARCHAR"/>
        <result column="parent_id" property="parentId" jdbcType="BIGINT"/>
        <result column="create_time" property="createTime" jdbcType="TIMESTAMP"/>
        <result column="update_time" property="updateTime" jdbcType="TIMESTAMP"/>
        <result column="create_user_id" property="createUserId" jdbcType="BIGINT"/>
        <result column="create_by" property="createBy" jdbcType="VARCHAR"/>
        <result column="update_by" property="updateBy" jdbcType="VARCHAR"/>
    </resultMap>


    <resultMap id="codeMap" type="com.boe.bank.common.bean.dictbean.SysDictionariesParentBean">
        <id column="id" property="id" jdbcType="INTEGER"/>
        <result column="code" property="code" jdbcType="VARCHAR"/>
        <result column="code_value" property="codeValue" jdbcType="VARCHAR"/>
        <result column="child_id" property="childId" jdbcType="VARCHAR"/>
        <result column="child_value" property="childValue" jdbcType="VARCHAR"/>
    </resultMap>


    <resultMap id="codeListMap" type="com.boe.bank.common.bean.dictbean.SysDictionariesListBean">
        <id column="id" property="id" jdbcType="INTEGER"/>
        <result column="code" property="code" jdbcType="VARCHAR"/>
        <result column="code_value" property="codeValue" jdbcType="VARCHAR"/>
        <result column="child_code" property="childCode" jdbcType="VARCHAR"/>
        <result column="child_code_value" property="childCodeValue" jdbcType="VARCHAR"/>
    </resultMap>

    <sql id="SysDictionaries_List">
           id,
           title,
           remark,
           code,
           code_value,
           parent_id,
           create_time,
           update_time,
           create_user_id,
           create_by,
           update_by	
    </sql>

    <sql id="SysDictionaries_Page">
           id,
           is_enabled,
           parent_id,
           title,
           remark,
           code,
           code_value,
           create_time,
           update_time,
           create_by,
           update_by
    </sql>




    <sql id="SysDictionaries_Tree">
           id,title,code_value,parent_id
    </sql>

    <insert id="saveDictionaries" parameterType="com.boe.bank.common.entity.dict.SysDictionaries"
            keyProperty="id" useGeneratedKeys="true">
        insert into sys_dictionaries
        <trim prefix="(" suffix=")" suffixOverrides=",">
            <if test="title != null and title != ''">
                title,
            </if>
            <if test="code != null and code != ''">
                code,
            </if>
            <if test="codeValue!= null and codeValue != ''">
                code_value,
            </if>
            <if test="remark != null and remark != ''">
                remark,
            </if>
            <if test="parentId != null">
                parent_id,
            </if>
            <if test="createBy != null and createBy != ''">
                create_by,
            </if>
            <if test="createTime != null">
                create_time,
            </if>
            <if test="createUserId != null and createUserId != ''">
                create_user_id,
            </if>
        </trim>
        <trim prefix="values (" suffix=")" suffixOverrides=",">
            <if test="title != null and title != ''">
                #{title,jdbcType=VARCHAR},
            </if>
            <if test="code != null and code != ''">
                #{code,jdbcType=VARCHAR},
            </if>
            <if test="codeValue != null and codeValue != ''">
                #{codeValue,jdbcType=VARCHAR},
            </if>
            <if test="remark != null and remark != ''">
                #{remark,jdbcType=VARCHAR},
            </if>
            <if test="parentId != null">
                #{parentId,jdbcType=BIGINT},
            </if>
            <if test="createBy != null and createBy != ''">
                #{createBy,jdbcType=VARCHAR},
            </if>
            <if test="createTime != null">
                #{createTime,jdbcType=TIMESTAMP},
            </if>
            <if test="createUserId != null and createUserId != ''">
                #{createUserId,jdbcType=BIGINT},
            </if>
        </trim>
    </insert>


    <select id="getDictionariesId" resultMap="BaseResultMap" parameterType="java.lang.Integer">
        select
        <include refid="SysDictionaries_List"/>
        from sys_dictionaries
        where id = #{id,jdbcType=INTEGER}
    </select>

    <select id="getDictionariesByCode" resultMap="BaseResultMap" >
        select
        <include refid="SysDictionaries_List"/>
        from sys_dictionaries
        where code = #{code,jdbcType=VARCHAR}
        <if test="id != null and id >0">
            and id <![CDATA[!= ]]> #{id,jdbcType=INTEGER}
        </if>
    </select>


    <select id="getDictionariesByParentId" resultMap="BaseResultMap" parameterType="java.lang.Integer">
        select <include refid="SysDictionaries_List"/>
        from sys_dictionaries
        where parent_id = #{parentId,jdbcType=VARCHAR}
    </select>


    <select id="getDictCondition" resultMap="BaseResultMap">
        SELECT
	       sd.id,
           sd.title,
           sd.remark,
           sd.code,
           sd.code_value,
           sd.parent_id,
           sd.create_time,
           sd.update_time,
           sd.create_user_id,
           sd.create_by,
           sd.update_by
        FROM
            sys_dictionaries sd
            INNER JOIN ( SELECT s.id FROM sys_dictionaries s WHERE s.parent_id = 0 ) ss ON sd.parent_id = ss.id
        WHERE
            sd.is_deleted = 0
            AND sd.is_enabled =1
    </select>


    <select id="getDictionariestList" resultMap="BaseResultMap">
        select
        <include refid="SysDictionaries_Page"/>
        from sys_dictionaries
        <where>
            is_deleted =0
            <if test="type == 1">
              and  parent_id = #{id,jdbcType=INTEGER}
            </if>
            <if test="type == 2">
              and  id = #{id,jdbcType=INTEGER}
            </if>
            <if test="title != null and title != ''">
              and  title  like CONCAT ('%',#{title,jdbcType=VARCHAR},'%')
            </if>
        </where>
    </select>

    <update id="deleteSysDictionariesId" >
        update  sys_dictionaries set is_deleted =#{isDeleted,jdbcType=BIGINT}
        where id = #{id,jdbcType=INTEGER}
    </update>

    <!-- 获取下拉树-->
    <select id="getDictionariesTree" resultMap="BaseResultMap">
        select <include refid="SysDictionaries_Tree"/>
        from sys_dictionaries
        where is_deleted =0
    </select>

    <select id="getParentCode" resultMap="codeMap">
        select  t.id,t.code,t.code_value,t1.id as child_id,t1.code_value as child_value from sys_dictionaries  t
        left join (select id,parent_id,code_value from sys_dictionaries) t1 on t1.parent_id = t.id
        where t.code = #{code,jdbcType=VARCHAR}
    </select>

    <select id="getDictAll" resultMap="codeListMap">
        select  t.id,t.code,t.code_value,t1.code as child_code,t1.code_value as child_code_value from sys_dictionaries  t
        left join (select code,code_value,parent_id from sys_dictionaries) t1 on t1.parent_id = t.id
        where t1.code is not null  order by t.code
    </select>

    <update id="updateDictionariesId" parameterType="com.boe.bank.common.entity.dict.SysDictionaries"
            keyProperty="id" useGeneratedKeys="true">
        update sys_dictionaries
        <set>
            <if test="title != null and title != ''">
                title = #{title,jdbcType=VARCHAR},
            </if>
            <if test="code != null and code != ''">
                code = #{code,jdbcType=VARCHAR},
            </if>
            <if test="codeValue!= null and codeValue != ''">
                code_value = #{codeValue,jdbcType=VARCHAR},
            </if>
            <if test="remark != null and remark != ''">
                remark = #{remark,jdbcType=VARCHAR},
            </if>
            <if test="updateBy != null and updateBy != ''">
                update_by = #{updateBy,jdbcType=VARCHAR},
            </if>
            <if test="updateTime != null">
                update_time = #{updateTime,jdbcType=TIMESTAMP},
            </if>
        </set>
        where id = #{id,jdbcType=INTEGER}
    </update>

    <select id="getParentCodeByLabel" resultType="com.boe.bank.common.bean.productlibrarybean.ProductDictDO"
            parameterType="java.lang.String">

        SELECT
            t1.code, t1.code_value AS codeValue,t1.remark
        FROM
            sys_dictionaries t
                LEFT JOIN
            (SELECT
                parent_id, code, code_value,remark
            FROM
                sys_dictionaries) t1 ON t1.parent_id = t.id
        WHERE
            t.code = #{code}

    </select>


    <!-- 禁用启用-->
    <update id="isEnableSysDictionariesId" >
        update  sys_dictionaries set is_enabled =#{isEnable,jdbcType=BIGINT}
        where id = #{id,jdbcType=INTEGER}
    </update>

</mapper>