<?xml version="1.0" encoding="UTF-8"?>
<!DOCTYPE mapper PUBLIC "-//mybatis.org//DTD Mapper 3.0//EN" "http://mybatis.org/dtd/mybatis-3-mapper.dtd">
<mapper namespace="com.boe.bank.mapper.department.SysDepartmentAuditMapper">
  <resultMap id="BaseResultMap" type="com.boe.bank.common.entity.department.SysDepartmentAudit">
    <id column="id" jdbcType="INTEGER" property="id" />
    <result column="department_id" jdbcType="BIGINT" property="departmentId" />
    <result column="is_audit" jdbcType="BIT" property="isAudit" />
    <result column="created_by" jdbcType="VARCHAR" property="createdBy" />
    <result column="updated_by" jdbcType="VARCHAR" property="updatedBy" />
    <result column="date_created" jdbcType="TIMESTAMP" property="dateCreated" />
    <result column="date_updated" jdbcType="TIMESTAMP" property="dateUpdated" />
  </resultMap>
  <resultMap id="ListResultMap" type="com.boe.bank.common.bean.department.DepartmentListBean">
    <id column="id" jdbcType="INTEGER" property="id" />
    <result column="name" jdbcType="VARCHAR" property="name" />
    <result column="construction_code" jdbcType="VARCHAR" property="constructionCode" />
    <result column="org_name" jdbcType="VARCHAR" property="orgName" />
    <result column="department_name" jdbcType="VARCHAR" property="departmentName" />
    <result column="is_audit" jdbcType="INTEGER" property="isAudit" />
    <result column="remark" jdbcType="VARCHAR" property="remark" />
    <result column="org_id" jdbcType="INTEGER" property="orgId" />
    <result column="department_id" jdbcType="INTEGER" property="departmentId" />
  </resultMap>
  <sql id="Base_Column_List">
    id, department_id, is_audit, created_by, updated_by, date_created, date_updated
  </sql>
  <!-- 根据部门id获取部门审批权限 -->
  <select id="getAudit" parameterType="java.lang.Integer" resultMap="BaseResultMap">
    select 
    <include refid="Base_Column_List" />
    from sys_department_audit
    where department_id = #{departmentId,jdbcType=INTEGER}
  </select>
  <!-- 根据部门id删除审批权限信息 -->
  <delete id="deleteByDepartId" parameterType="java.lang.Integer">
    delete from sys_department_audit
    where department_id = #{departmentId,jdbcType=INTEGER}
  </delete>
  <!-- 根据部门id，批量删除 -->
  <delete id="deleteByIds" parameterType="java.util.List">
    delete from sys_department_audit
    where department_id in
    <foreach collection="ids" index="index" item="item"
	                     open="(" separator="," close=")">
	          #{item}
	</foreach>
  </delete>
  
  <!-- 获取部门分页列表 -->
  <select id="getList" parameterType="com.boe.bank.common.bean.department.DepartmentConBean" 
          resultMap="ListResultMap">
     SELECT t2.id, t2.name, t2.construction_code,
            t4.name as org_name,t3.name as department_name,
       	    t1.is_audit, t2.comment AS remark,
       	    t2.agency_id as org_id, t2.parent_deparent_id as department_id
	 FROM sys_department_audit t1 LEFT JOIN sys_organization t2 ON t1.department_id = t2.id
	                              LEFT JOIN sys_organization t3 ON t2.parent_deparent_id = t3.id
                                  LEFT JOIN sys_organization t4 ON t2.agency_id = t4.id
   	 <where>
		<if test=" name != null and name != ''">
		    and t2.name like concat('%',#{name,jdbcType=VARCHAR},'%')
		</if>
		<if test=" orgName != null and orgName != ''">
			and t4.name like concat('%',#{orgName,jdbcType=VARCHAR},'%')
		</if>
		<if test=" departmentName != null and departmentName != ''">
			and t3.name like concat('%',#{departmentName,jdbcType=VARCHAR},'%')
		</if>
		<if test=" parent != null">
			and t2.parent = #{parent,jdbcType=INTEGER}
		</if>
	 </where>
   
  </select>
  
  <select id="selectByPrimaryKey" parameterType="java.lang.Integer" resultMap="BaseResultMap">
    select 
    <include refid="Base_Column_List" />
    from sys_department_audit
    where id = #{id,jdbcType=INTEGER}
  </select>
  <delete id="deleteByPrimaryKey" parameterType="java.lang.Integer">
    delete from sys_department_audit
    where id = #{id,jdbcType=INTEGER}
  </delete>
  <insert id="insertSelective" parameterType="com.boe.bank.common.entity.department.SysDepartmentAudit" 
  		  keyProperty="id" useGeneratedKeys="true">
    insert into sys_department_audit
    <trim prefix="(" suffix=")" suffixOverrides=",">
      <if test="id != null">
        id,
      </if>
      <if test="departmentId != null">
        department_id,
      </if>
      <if test="isAudit != null">
        is_audit,
      </if>
      <if test="createdBy != null">
        created_by,
      </if>
      <if test="updatedBy != null">
        updated_by,
      </if>
      <if test="dateCreated != null">
        date_created,
      </if>
      <if test="dateUpdated != null">
        date_updated,
      </if>
    </trim>
    <trim prefix="values (" suffix=")" suffixOverrides=",">
      <if test="id != null">
        #{id,jdbcType=INTEGER},
      </if>
      <if test="departmentId != null">
        #{departmentId,jdbcType=BIGINT},
      </if>
      <if test="isAudit != null">
        #{isAudit,jdbcType=BIT},
      </if>
      <if test="createdBy != null">
        #{createdBy,jdbcType=VARCHAR},
      </if>
      <if test="updatedBy != null">
        #{updatedBy,jdbcType=VARCHAR},
      </if>
      <if test="dateCreated != null">
        #{dateCreated,jdbcType=TIMESTAMP},
      </if>
      <if test="dateUpdated != null">
        #{dateUpdated,jdbcType=TIMESTAMP},
      </if>
    </trim>
  </insert>
  <update id="updateByPrimaryKeySelective" parameterType="com.boe.bank.common.entity.department.SysDepartmentAudit">
    update sys_department_audit
    <set>
      <if test="departmentId != null">
        department_id = #{departmentId,jdbcType=BIGINT},
      </if>
      <if test="isAudit != null">
        is_audit = #{isAudit,jdbcType=BIT},
      </if>
      <if test="createdBy != null">
        created_by = #{createdBy,jdbcType=VARCHAR},
      </if>
      <if test="updatedBy != null">
        updated_by = #{updatedBy,jdbcType=VARCHAR},
      </if>
      <if test="dateCreated != null">
        date_created = #{dateCreated,jdbcType=TIMESTAMP},
      </if>
      <if test="dateUpdated != null">
        date_updated = #{dateUpdated,jdbcType=TIMESTAMP},
      </if>
    </set>
    where id = #{id,jdbcType=INTEGER}
  </update>
</mapper>