<?xml version="1.0" encoding="UTF-8" ?>
<!DOCTYPE mapper PUBLIC "-//mybatis.org//DTD Mapper 3.0//EN" "http://mybatis.org/dtd/mybatis-3-mapper.dtd" >
<mapper namespace="com.boe.bank.mapper.userNatureInfoMapper.UserNatureInfoMapper">

    <select id="userNaturePage" resultType="com.boe.bank.common.bean.userNature.UserNatureDTO"
            parameterType="com.boe.bank.common.bean.userNature.UserNatureSearchDTO">
        select
            u.face_id as faceId,
            u.reco_age as recoAge,
            u.reco_sex as recoSex,
            u.first_visit as firstVisit,
            u.create_time as createTime,
            u.update_time as updateTime
        from user_nature_info u
        <where>
            <if test="recoAge != null">
                u.reco_age = #{recoAge}
            </if>
            <if test="recoSex !=null">
                and u.reco_sex =#{recoSex}
            </if>
            <if test="firstVisit !=null">
                and u.first_visit =#{firstVisit}
            </if>
        </where>
        order by u.create_time desc
    </select>

    <select id="userActionPage" resultType="com.boe.bank.common.bean.userNature.UserActionDTO"
            parameterType="com.boe.bank.common.bean.userNature.UserActionSearchDTO">
        SELECT
            max(a.create_time) as createTime,
            p.product_name as productName,
            count(a.condition_action_type) as clicks,
            0 as watchTime
        FROM
            user_action_log a
        inner JOIN
            product_library p ON a.product_id = p.id
        <where>
            a.condition_action_type = #{conditionType}
            <if test="productName != null and productName != ''">
              and  p.product_name like concat(concat('%',#{productName}),'%')
            </if>
        </where>
        group by p.id order by createTime desc
    </select>

    <select id="buriedPointData" resultType="com.boe.bank.common.bean.userNature.UserActionHeadDTO">
        SELECT
        p.product_name as name,
        count(a.condition_action_type) as value
        FROM
        user_action_log a
        inner JOIN
        product_library p ON a.product_id = p.id
        <where>
            a.condition_action_type = #{type}
        </where>
        group by p.id order by value desc
    </select>

</mapper>