<?xml version="1.0" encoding="UTF-8" ?>
<!DOCTYPE mapper PUBLIC "-//mybatis.org//DTD Mapper 3.0//EN" "http://mybatis.org/dtd/mybatis-3-mapper.dtd" >
<mapper namespace="com.boe.bank.mapper.userInfoMapper.UserInfoMapper">

    <resultMap id="BaseResultMap" type="com.boe.bank.common.entity.userinfo.UserInfo">
        <id column="id" property="id" jdbcType="INTEGER"/>
        <result column="name" property="name" jdbcType="VARCHAR"/>
        <result column="roleId" property="roleId" jdbcType="VARCHAR"/>
        <result column="role" property="role" jdbcType="VARCHAR"/>
        <result column="username" property="username" jdbcType="VARCHAR"/>
        <result column="post_name" property="postName" jdbcType="VARCHAR"/>
        <result column="org_id" property="orgId" jdbcType="BIGINT"/>
        <result column="orgName" property="orgName" jdbcType="VARCHAR"/>
        <result column="department_name" property="departmentName" jdbcType="VARCHAR"/>
        <result column="department_id" property="departmentId" jdbcType="BIGINT"/>
        <result column="phone_num" property="phoneNum" jdbcType="VARCHAR"/>
        <result column="is_enabled" property="isEnabled" jdbcType="INTEGER"/>
        <result column="work_num" property="workNum" jdbcType="VARCHAR"/>
        <result column="remark" property="remark" jdbcType="VARCHAR"/>
        <result column="password" property="password" jdbcType="VARCHAR"/>
        <result column="create_time" property="createTime" jdbcType="TIMESTAMP"/>
        <result column="create_by" property="createBy" jdbcType="VARCHAR"/>
        <result column="update_time" property="updateTime" jdbcType="TIMESTAMP"/>
        <result column="update_by" property="updateBy" jdbcType="VARCHAR"/>
        <result column="create_user_id" property="createUserId" jdbcType="BIGINT"/>
    </resultMap>


    <sql id="Base_UserInfo_List">
           id,name,username,role,post_name,org_id,department_name,department_id,phone_num,is_enabled,work_num,remark
    </sql>



    <!--添加用户信息表-->
    <insert id="insertUserInfo" parameterType="com.boe.bank.common.entity.userinfo.UserInfo"
            keyProperty="id" useGeneratedKeys="true">
        insert into sys_userinfo
        <trim prefix="(" suffix=")" suffixOverrides=",">
            <if test="id != null and id >0">
                user_id,
            </if>
            <if test="departmentId != null and departmentId >0">
                department_id,
            </if>
            <if test="workNum != null ">
                work_num,
            </if>
            <if test="postName != null and postName != ''">
                post_name,
            </if>
            <if test="remark != null and remark != ''">
                remark,
            </if>
            <if test="createUserId != null and createUserId >0">
                create_user_id,
            </if>
            <if test="createBy != null and createBy != ''">
                create_by,
            </if>
            <if test="createTime != null">
                create_time
            </if>

        </trim>
        <trim prefix="values (" suffix=")" suffixOverrides=",">
            <if test="id != null and id >0">
                #{id,jdbcType=BIGINT},
            </if>
            <if test="departmentId != null and departmentId >0">
                #{departmentId,jdbcType=BIGINT},
            </if>
            <if test="workNum != null ">
                #{workNum,jdbcType=VARCHAR},
            </if>
            <if test="postName != null and postName != ''">
                #{postName,jdbcType=VARCHAR},
            </if>
            <if test="remark != null and remark != ''">
                #{remark,jdbcType=VARCHAR},
            </if>
            <if test="createUserId != null and createUserId >0">
                #{createUserId,jdbcType=BIGINT},
            </if>
            <if test="createBy != null and createBy != ''">
                #{createBy,jdbcType=VARCHAR},
            </if>
            <if test="createTime != null">
                #{createTime,jdbcType=TIMESTAMP}
            </if>

        </trim>
    </insert>



    <!--修改userinfo-->
    <update id="updateUserInfo" parameterType="com.boe.bank.common.entity.userinfo.UserInfo">
        update sys_userinfo
        <set>
            <if test="departmentId != null and departmentId >0">
                department_id = #{departmentId,jdbcType=BIGINT},
            </if>
            <if test="workNum != null ">
                work_num = #{workNum,jdbcType=VARCHAR},
            </if>
            <if test="postName != null and postName != ''">
                post_name = #{postName,jdbcType=VARCHAR},
            </if>
            <if test="remark != null ">
                remark = #{remark,jdbcType=VARCHAR},
            </if>
            <if test="updateBy != null and updateBy != ''">
                update_by = #{updateBy,jdbcType=VARCHAR},
            </if>
            <if test="updateTime != null">
                update_time = #{updateTime,jdbcType=TIMESTAMP}
            </if>
        </set>
        where user_id = #{id,jdbcType=INTEGER}
    </update>

    <!--删除userinfo-->
    <update id="updateUserInfoDel"  parameterType="java.lang.Integer">
        update sys_userinfo set is_deleted = 1 where user_id in
        <foreach collection="list" item="id" open="(" separator="," close=")">
            #{id}
        </foreach>
    </update>

   <!--根据用户id查询详细信息-->
    <select id="getUserInfoById" resultMap="BaseResultMap" parameterType="java.lang.Integer">
       SELECT
        u.id,u.name,u.username,
--         rs.rolea role,
        us.post_name,u.org_id,soo.name department_name,us.department_id,
        u.phone_num,u.is_enabled, us.work_num,us.remark,u.password
        FROM
        sys_user u
--         LEFT JOIN (SELECT r.uid,GROUP_CONCAT(ro.name) AS rolea FROM sys_user_role r,sys_role ro  WHERE r.role_id = ro.id GROUP BY r.uid) rs ON u.id = rs.uid
        inner JOIN sys_userinfo us ON u.id  = us.user_id
        LEFT JOIN (SELECT so.id,so.name FROM sys_organization so WHERE so.type =2) soo ON soo.id = us.department_id
        where u.id = #{id,jdbcType=INTEGER}
    </select>


    <!--模糊查询列表-->
    <select id="getUserInfoList" resultMap="BaseResultMap">
        SELECT
        u.id,u.name,u.username,rs.rolea ROLE,rs.roleId,u.post_name,
        soo.department_id,
        soo.department_name,
        u.phone_num,u.is_enabled, u.work_num,u.remark,
        sll.orgName,
        sll.org_id
        FROM
        (SELECT uu.id,uu.name,uu.username,uu.phone_num,uu.is_enabled,uu.org_id,uu.is_deleted,us.department_id,us.post_name,us.work_num,us.remark,uu.create_time,uu.out_of_law FROM sys_user uu INNER JOIN sys_userinfo us ON uu.id  = us.user_id ) u
        LEFT JOIN (SELECT r.uid,GROUP_CONCAT(ro.name) AS rolea,GROUP_CONCAT(r.role_id) roleId  FROM sys_user_role r,sys_role ro  WHERE r.role_id = ro.id AND r.is_deleted =0  GROUP BY r.uid) rs ON u.id = rs.uid
        INNER JOIN  (SELECT so.id department_id,so.name  department_name FROM sys_organization so WHERE so.type =2  AND so.is_deleted =0) soo ON soo.department_id = u.department_id
        INNER JOIN  (SELECT sl.id org_id ,sl.name orgName FROM sys_organization sl WHERE sl.type =1  AND sl.is_deleted =0) sll ON sll.org_id = u.org_id
        <where>
            u.is_deleted =0 and u.out_of_law=0
            <if test="userInfo.name!=null and userInfo.name!=''">
                and u.name like CONCAT ('%',#{userInfo.name,jdbcType=VARCHAR},'%')
            </if>
            <if test="userInfo.username!=null and userInfo.username!=''">
                and u.username like CONCAT ('%',#{userInfo.username,jdbcType=VARCHAR},'%')
            </if>
            <if test="userInfo.departmentId!=null and userInfo.departmentId>0">
                and u.department_id = #{userInfo.departmentId,jdbcType=BIGINT}
            </if>
            <if test="userInfoList!=null and userInfoList.size>0">
                and u.org_id in
                <foreach collection="userInfoList" item="orgId" index="index" open="(" close=")" separator=",">
                    #{orgId}
                </foreach>
            </if>
        </where>
        order by u.create_time desc
    </select>






    <!--添加人员-列表查询-->
    <select id="getListByAddPeople" resultMap="BaseResultMap">
        SELECT
        u.id,u.name,u.username,rs.rolea ROLE,rs.roleId,u.post_name,
        soo.department_id,
        soo.department_name,
        u.phone_num,u.is_enabled, u.work_num,u.remark,
        sll.orgName,
        sll.org_id
        FROM
        (SELECT uu.id,uu.name,uu.username,uu.phone_num,uu.is_enabled,uu.org_id,uu.is_deleted,us.department_id,us.post_name,us.work_num,us.remark FROM sys_user uu INNER JOIN sys_userinfo us ON uu.id  = us.user_id ) u
        LEFT JOIN (SELECT r.uid,GROUP_CONCAT(ro.name) AS rolea,GROUP_CONCAT(r.role_id) roleId  FROM sys_user_role r,sys_role ro  WHERE r.role_id = ro.id AND r.is_deleted =0  GROUP BY r.uid) rs ON u.id = rs.uid
        INNER JOIN  (SELECT so.id department_id,so.name  department_name FROM sys_organization so WHERE so.type =2  AND so.is_deleted =0) soo ON soo.department_id = u.department_id
        INNER JOIN  (SELECT sl.id org_id ,sl.name orgName FROM sys_organization sl WHERE sl.type =1  AND sl.is_deleted =0) sll ON sll.org_id = u.org_id
        <where>
            u.is_deleted =0
            <if test="userInfo.name!=null and userInfo.name!=''">
                and u.name like CONCAT ('%',#{userInfo.name,jdbcType=VARCHAR},'%')
            </if>
            <if test="userInfo.username!=null and userInfo.username!=''">
                and u.username like CONCAT ('%',#{userInfo.username,jdbcType=VARCHAR},'%')
            </if>
            <if test="userInfo.departmentId!=null and userInfo.departmentId>0">
                and u.department_id = #{userInfo.departmentId,jdbcType=BIGINT}
            </if>
            <if test="userInfoList!=null and userInfoList.size>0">
                and u.org_id in
                <foreach collection="userInfoList" item="orgId" index="index" open="(" close=")" separator=",">
                    #{orgId}
                </foreach>
            </if>
        </where>
        order by u.department_id desc
    </select>

    <!--账号不能重复-->
    <select id="selectByName" resultType="java.lang.Integer" parameterType="com.boe.bank.common.entity.userinfo.UserInfo">
        select count(*)
        from sys_user u
        where u.is_deleted =0 and u.username =#{username,jdbcType=VARCHAR}
    </select>



    <!--根据角色id查询用户详细信息-->
    <select id="getUserByRoleId" resultMap="BaseResultMap" parameterType="java.lang.Integer">
        SELECT
        u.id,u.name,u.username,
        u.phone_num,u.is_enabled,u.password
        FROM
        sys_user u
        WHERE  EXISTS(SELECT p.id FROM sys_user_role p WHERE p.is_deleted =0  AND  u.id = p.uid AND p.role_id =#{id})
    </select>

    <!--获取登录后的用户信息-->
    <select id="getDepartMentByUserId" resultType="com.boe.bank.common.bean.userinfobean.UserInfoBean" parameterType="java.lang.Integer">
        SELECT
        o.id departmentId,o.name departmentName
        FROM
        sys_userinfo u
        LEFT JOIN  sys_organization o ON u.department_id = o.id
        WHERE  o.is_deleted =0
        <if test="id!=null and id>0">
            and u.user_id = #{id,jdbcType=BIGINT}
        </if>
    </select>

    <!--查询用户信息通过权限-->
    <select id="getUserInfoByJurisdiction" resultMap="BaseResultMap">
        SELECT
        u.id,u.name,u.username,rs.rolea ROLE,rs.roleId,u.post_name,
        soo.department_id,
        soo.department_name,
        u.phone_num,u.is_enabled, u.work_num,u.remark,
        sll.orgName,
        sll.org_id
        FROM
        (SELECT uu.id,uu.name,uu.username,uu.phone_num,uu.is_enabled,uu.org_id,uu.is_deleted,us.department_id,us.post_name,us.work_num,us.remark,uu.create_time FROM sys_user uu INNER JOIN sys_userinfo us ON uu.id  = us.user_id ) u
        LEFT JOIN (SELECT r.uid,GROUP_CONCAT(ro.name) AS rolea,GROUP_CONCAT(r.role_id) roleId  FROM sys_user_role r,sys_role ro  WHERE r.role_id = ro.id AND r.is_deleted =0  GROUP BY r.uid) rs ON u.id = rs.uid
        INNER JOIN  (SELECT so.id department_id,so.name  department_name FROM sys_organization so WHERE so.type =2  AND so.is_deleted =0) soo ON soo.department_id = u.department_id
        INNER JOIN  (SELECT sl.id org_id ,sl.name orgName FROM sys_organization sl WHERE sl.type =1  AND sl.is_deleted =0) sll ON sll.org_id = u.org_id
        LEFT JOIN sys_department_audit d ON u.department_id = d.department_id
        <where>
            u.is_deleted =0 AND d.is_audit =1
            <if test="userInfo.name!=null and userInfo.name!=''">
                and u.name like CONCAT ('%',#{userInfo.name,jdbcType=VARCHAR},'%')
            </if>
            <if test="userInfo.username!=null and userInfo.username!=''">
                and u.username like CONCAT ('%',#{userInfo.username,jdbcType=VARCHAR},'%')
            </if>
            <if test="userInfo.departmentId!=null and userInfo.departmentId>0">
                and u.department_id = #{userInfo.departmentId,jdbcType=BIGINT}
            </if>
            <if test="userInfoList!=null and userInfoList.size>0">
                and u.department_id in
                <foreach collection="userInfoList" item="orgId" index="index" open="(" close=")" separator=",">
                    #{orgId}
                </foreach>
            </if>
        </where>
        order by u.create_time desc
    </select>



    <!--获取登录后的用户信息-->
    <select id="getDepartmentIdByUserId" parameterType="java.lang.Integer" resultType="java.lang.Integer">
        SELECT
        department_id
        FROM
        sys_userinfo
        WHERE  is_deleted =0
        <if test="id!=null and id>0">
            and user_id = #{id,jdbcType=BIGINT}
        </if>
    </select>

    <!--根据部门ID查询是用户信息表是否有对应上数据-->
    <select id="selectCountBydepartmentId" resultType="java.lang.Integer" >
        select count(*)
        from sys_userinfo u
        where u.is_deleted =0 and u.department_id in
        <foreach collection="ids" item="id" open="(" separator="," close=")">
            #{id}
        </foreach>
    </select>

</mapper>