<?xml version="1.0" encoding="UTF-8" ?>
<!DOCTYPE mapper PUBLIC "-//mybatis.org//DTD Mapper 3.0//EN" "http://mybatis.org/dtd/mybatis-3-mapper.dtd" >
<mapper namespace="com.boe.bank.mapper.userPortrait.UserPortraitMapper">

    <resultMap id="UserPortraitMap" type="com.boe.bank.common.entity.userPortrait.UserPortrait">
        <id column="id" jdbcType="INTEGER" property="id"/>
        <result column="portrait_name" jdbcType="VARCHAR" property="portraitName"/>
        <result column="remark" jdbcType="VARCHAR" property="remark"/>
        <result column="enable" jdbcType="BIT" property="enable"/>
        <result column="person_nums" jdbcType="INTEGER" property="personNums"/>
        <result column="create_time" jdbcType="TIMESTAMP" property="createTime"/>
        <result column="weight" jdbcType="INTEGER" property="weight"/>
        <result column="hourLength" jdbcType="INTEGER" property="hourLength"/>
        <result column="portraitLabelNums" jdbcType="INTEGER" property="portraitLabelNums"/>
        <result column="portraitproductNums" jdbcType="INTEGER" property="portraitProductNums"/>
    </resultMap>

    <resultMap id="userPortraitInfoBean" type="com.boe.bank.common.bean.userPortrait.UserPortraitInfoBean">
        <id column="id" jdbcType="INTEGER" property="id"/>
        <result column="enable" jdbcType="BIT" property="enable"/>
        <result column="portrait_name" jdbcType="VARCHAR" property="portraitName"/>
        <result column="remark" jdbcType="VARCHAR" property="remark"/>
        <result column="weight" jdbcType="INTEGER" property="weight"/>
        <result column="label_trees" jdbcType="VARCHAR" property="labelTrees"/>
        <result column="label_trees_from" jdbcType="VARCHAR" property="labelTreesFrom"/>
        <result column="condition_type" jdbcType="INTEGER" property="conditionType"/>
        <collection property="userPortraitLabelInfoBeans" resultMap="userPortraitLabelInfoBean"/>
    </resultMap>

    <resultMap id="userPortraitLabelInfoBean" type="com.boe.bank.common.bean.userPortrait.UserPortraitLabelInfoBean">
        <id column="portraitLabelId" jdbcType="INTEGER" property="portraitLabelId"/>
        <id column="label_id" jdbcType="INTEGER" property="labelId"/>
        <result column="label_parent_id" jdbcType="INTEGER" property="labelParentId"/>
        <result column="label_name" jdbcType="VARCHAR" property="labelName"/>

    </resultMap>


    <select id="queryUserPortraitList" resultMap="UserPortraitMap"
            parameterType="com.boe.bank.common.bean.userPortrait.UserPortraitSearchBean">
        select
        u.id,
        u.portrait_name,
        u.remark,
        u.enable,
        ifnull(u.person_nums,0) as person_nums,
        TIMESTAMPDIFF(hour, u.enable_time, now()) as hourLength,
        (select count(*) from user_portrait_label p where p.portrait_id = u.id) as portraitLabelNums,
        (select count(*) from product_portrait t where t.portrait_id = u.id) as portraitProductNums,
        u.create_time,
        ifnull(u.weight,0) as weight
        from user_portrait u
        where
        u.is_delete = 0
        <if test="enable !=null">
            and u.enable = #{enable}
        </if>
        <if test="portraitName !=null and portraitName != ''">
            and u.portrait_name like concat(concat('%',#{portraitName}),'%')
        </if>
        order by u.create_time desc
    </select>

    <select id="weightSort" resultMap="UserPortraitMap"
            parameterType="com.boe.bank.common.bean.userPortrait.UserPortraitSearchBean">
        select
        u.id,
        u.portrait_name,
        u.remark,
        u.enable,
        ifnull(u.person_nums,0) as person_nums,
        TIMESTAMPDIFF(hour, u.enable_time, now()) as hourLength,
        (select count(*) from user_portrait_label p where p.portrait_id = u.id) as portraitLabelNums,
        (select count(*) from product_portrait t where t.portrait_id = u.id) as portraitProductNums,
        u.create_time,
        ifnull(u.weight,0) as weight
        from user_portrait u
        where
        u.is_delete = 0
        <if test="enable !=null">
            and u.enable = #{enable}
        </if>
        <if test="portraitName !=null and portraitName != ''">
            and u.portrait_name like concat(concat('%',#{portraitName}),'%')
        </if>
        <if test="weightSort == 0">
            order by u.weight asc
        </if>
        <if test="weightSort == 1">
            order by u.weight desc
        </if>
        <if test="weightSort == 2">
            order by u.create_time desc
        </if>
    </select>

    <select id="userPortraitExport" resultType="com.boe.bank.common.bean.userPortrait.UserPortraitExportDTO"
            parameterType="com.boe.bank.common.bean.userPortrait.UserPortraitExportBean">
        select
        u.id,
        u.portrait_name as portraitName,
        u.remark,
        case u.enable when 0 then '停用' else '启用' end as enable,
        ifnull(u.person_nums,0) as personNums,
        TIMESTAMPDIFF(hour, u.enable_time, now()) as hourLength,
        (select count(*) from user_portrait_label p where p.portrait_id = u.id) as portraitLabelNums,
        (select count(*) from product_portrait t where t.portrait_id = u.id) as portraitProductNums,
        u.create_time as createTime,
        ifnull(u.weight,0) as weight
        from user_portrait u
        where
        u.is_delete = 0
        <if test="enable !=null">
            and u.enable = #{enable}
        </if>
        <if test="portraitName !=null and portraitName != ''">
            and u.portrait_name like concat(concat('%',#{portraitName}),'%')
        </if>
        <if test="weightSort == null">
            order by u.create_time desc
        </if>
        <if test="weightSort != null">
            <if test="weightSort == 0">
                order by u.weight asc
            </if>
            <if test="weightSort == 1">
                order by u.weight desc
            </if>
            <if test="weightSort == 2">
                order by u.create_time desc
            </if>
        </if>
    </select>

    <select id="isHasUserPortrait" resultType="java.lang.Integer" parameterType="java.lang.String">
        select
            count(*)
        from user_portrait
        where
            is_delete = 0
            and portrait_name = #{portraitName}
    </select>

    <select id="selectUserPortrait" resultMap="userPortraitInfoBean"
            parameterType="java.lang.Integer">

        SELECT
            p.id,
            p.portrait_name,
            p.remark,
            p.enable,
            p.weight,
            p.label_trees,
            p.label_trees_from,
            p.condition_type,
            l.id as portraitLabelId,
            l.label_id,
            l.label_parent_id,
            l.label_name
        FROM
            user_portrait p
        LEFT JOIN
            user_portrait_label l ON p.id = l.portrait_id
        where p.is_delete = 0
        and p.id = #{id}

    </select>

    <select id="isHasUserPortraitLabel" resultType="java.lang.Integer" parameterType="java.lang.Integer">
        select
            count(*)
        from user_portrait_label
        where label_id = #{id}
    </select>


    <select id="queryUserActionInfoConditionNums" resultType="java.lang.Integer"
            parameterType="java.lang.String">
        select
        count(id)
        from user_action_info
        <where>
            face_id = #{faceId}
        </where>
    </select>


    <select id="queryUserActionInfoCondition" resultType="com.boe.bank.common.bean.userPortrait.UserActionInfoBean"
            parameterType="java.lang.String">
        select
        id,
        face_id as faceId,
        condition_pre_type as conditionPreType,
        condition_action_type as conditionActionType,
        condition_action_value as conditionActionValue,
        create_time as createTime
        from user_action_info
        <where>
            face_id = #{faceId}
        </where>
    </select>

    <insert id="addUserPortrait" parameterType="com.boe.bank.common.entity.userPortrait.UserPortrait"
            keyProperty="id" useGeneratedKeys="true">
        insert into user_portrait
        <trim prefix="(" suffix=")" suffixOverrides=",">
            portrait_name,
            enable
            <if test="remark != null and remark != ''">
                ,remark
            </if>
            <if test="weight != null">
                ,weight
            </if>
            <if test="conditionType != null">
                ,condition_type
            </if>
            ,enable_time
            ,create_by
            ,create_time
            ,create_user_id
            <if test="labelTrees != null and labelTrees != ''">
                ,label_trees
            </if>
            <if test="labelTreesFrom != null and labelTreesFrom != ''">
                ,label_trees_from
            </if>
        </trim>
        <trim prefix="values (" suffix=")" suffixOverrides=",">
            #{portraitName},
            #{enable}
            <if test="remark != null and remark != ''">
                ,#{remark}
            </if>
            <if test="weight != null">
                ,#{weight}
            </if>
            <if test="conditionType != null">
                ,#{conditionType}
            </if>
            ,#{enableTime}
            ,#{createBy}
            ,#{createTime}
            ,#{createUserId}
            <if test="labelTrees != null and labelTrees != ''">
                ,#{labelTrees}
            </if>
            <if test="labelTreesFrom != null and labelTreesFrom != ''">
                ,#{labelTreesFrom}
            </if>
        </trim>
    </insert>

    <insert id="addUserPortraitLabel" parameterType="java.util.List">
        insert into user_portrait_label(
        portrait_id,
        label_id,
        label_parent_id,
        label_name,
        create_by,
        create_time,
        create_user_id
        )values
        <foreach collection="portraitLabels" item="item" separator=",">
            (#{id},
            #{item.labelId},
            #{item.labelParentId},
            #{item.labelName},
            #{createBy},
            #{now},
            #{createById})

        </foreach>
    </insert>

    <!--编辑开始-->
    <update id="updateUserPortraitById" parameterType="com.boe.bank.common.entity.userPortrait.UserPortrait">
        update user_portrait
        <set>
            portrait_name = #{portraitName},
            enable = #{enable}
            ,remark = #{remark}
            ,update_by = #{updateBy}
            ,update_time = #{updateTime}
            ,condition_type = #{conditionType}
            ,weight = #{weight}
            ,label_trees = #{labelTrees}
            ,label_trees_from = #{labelTreesFrom}
        </set>
        where id = #{id}
    </update>

    <delete id="deleteUserPortraitByIds" parameterType="java.lang.Integer">
        delete
        from user_portrait_label
        where portrait_id = #{id}
    </delete>

    <!--  编辑  -->
    <insert id="addUserPortraitLabels" parameterType="java.util.List">
        insert into user_portrait_label(
        portrait_id,
        label_id,
        label_parent_id,
        label_name,
        create_by,
        create_time,
        create_user_id
        )values
        <foreach collection="userPortraitLabelBeanList" item="item" index="index" separator=",">
            (#{id},
            #{item.labelId},
            #{item.labelParentId},
            #{item.labelName},
            #{createBy},
            #{now},
            #{createById})
        </foreach>
    </insert>
    <!--编辑结束-->

    <delete id="deleteUserPortraitById" parameterType="java.lang.Integer">
        delete
        from user_portrait
        where id = #{id}
    </delete>

    <delete id="deleteUserPortraitLabelById" parameterType="java.lang.Integer">
        delete
        from user_portrait_label
        where portrait_id = #{id}
    </delete>


    <insert id="addMarketLogs" parameterType="com.boe.bank.common.entity.userPortrait.MarketLogs">
        insert into market_logs
        <trim prefix="(" suffix=")" suffixOverrides=",">
            <if test="faceId != null and faceId != ''">
                face_id,
            </if>
            <if test="portraitId != null and portraitId != ''">
                portrait_id,
            </if>
            <if test="marketLabelId != null and marketLabelId != ''">
                market_label_id,
            </if>
            <if test="propertyJson != null and propertyJson != ''">
                property_json,
            </if>
            <if test="faceFeature != null and faceFeature != ''">
                face_feature,
            </if>
            <if test="mac != null and mac != ''">
                mac,
            </if>
            create_time
        </trim>
        <trim prefix="values (" suffix=")" suffixOverrides=",">
            <if test="faceId != null and faceId != ''">
                #{faceId},
            </if>
            <if test="portraitId != null and portraitId != ''">
                #{portraitId},
            </if>
            <if test="marketLabelId != null and marketLabelId != ''">
                #{marketLabelId},
            </if>
            <if test="propertyJson != null and propertyJson != ''">
                #{propertyJson},
            </if>
            <if test="faceFeature != null and faceFeature != ''">
                #{faceFeature},
            </if>
            <if test="mac != null and mac != ''">
                #{mac},
            </if>
            #{createTime}
        </trim>
    </insert>

    <update id="updateUserPortraitPersonNums" parameterType="java.lang.Integer">
        update user_portrait
        <set>
            person_nums = person_nums + 1
        </set>
        where id = #{id}
    </update>


    <select id="queryProductCPortraitList" resultMap="UserPortraitMap">
        select
        u.id,
        u.portrait_name
        from user_portrait u
        where
        u.is_delete = 0
        AND NOT EXISTS(SELECT id FROM product_portrait p WHERE  p.portrait_id =u.id and p.product_id =#{id})
        order by u.create_time desc
    </select>

    <update id="productWeigthEdit" parameterType="com.boe.bank.common.bean.userPortrait.ProductWeigthDTO">
        update user_portrait
        <set>
            weight = #{weight}
        </set>
        where id = #{id}
    </update>

    <select id="productWeigthEditCheck" parameterType="com.boe.bank.common.bean.userPortrait.ProductWeigthDTO"
            resultType="com.boe.bank.common.bean.userPortrait.ProductWeigthVO">
        select
        u.id as replaceId,
        u.weight as weightReplace,
        u.portrait_name as portraitName
        from user_portrait u
        where
        u.is_delete = 0
        and u.weight &lt;&gt; 0
        and u.weight = #{weight}
    </select>

</mapper>