<?xml version="1.0" encoding="UTF-8"?>
<!DOCTYPE mapper PUBLIC "-//mybatis.org//DTD Mapper 3.0//EN" "http://mybatis.org/dtd/mybatis-3-mapper.dtd">
<mapper namespace="com.boe.bank.mapper.activiti.UserOrgRelationMapper">

	<select id="selectUserIdByDep" resultType="java.lang.Integer">
        select
        	id
        from sys_user
        where org_id = #{depId}
    </select>

	<select id="selectDepIdByOrg" resultType="java.lang.Long">
        select
        	id
        from sys_organization
        where type = 2
         	and find_in_set(#{orgId},ancestor)
    </select>
    
	<select id="selectDepByUserIds" resultType="com.boe.bank.common.bean.user.UserOrgDo">
        select
        	id as userId, org_id as orgId
        from sys_user
        where 
        	id in
				<foreach collection="userIds" item="userId" index="index"
					open="(" close=")" separator=",">
					#{userId}
				</foreach>
    </select>
  
	<select id="selectUserIdByRoles" resultType="java.lang.Long">
		SELECT uid FROM `sys_user_role` 
			WHERE role_id in 
				<foreach collection="roleIds" item="roleId" index="index"
					open="(" close=")" separator=",">
					#{roleId}
				</foreach>
    </select>
    
    <select id="selectUserIdByOrgAndUserIds" resultType="java.lang.Integer">
        select
        	id
        from sys_user
        where org_id in
        		<foreach collection="orgIds" item="orgId" index="index" open="(" close=")" separator=",">
					#{orgId}
				</foreach>
				
        	and id in
				<foreach collection="userIds" item="userId" index="index" open="(" close=")" separator=",">
					#{userId}
				</foreach>
    </select>
    
  	<select id="selectFatherByOrg" resultType="java.lang.Long">
        select
        	parent
        from sys_organization
        where id = #{orgId}
    </select>
    
    <select id="selectDepBySameOrg" resultType="java.lang.Long">
        select
        	id
        from sys_organization o1, (select parent from sys_organization where id = #{orgId}) o2
        where o1.type = 2
        and o1.parent = o2.parent
    </select>
    
    <select id="selectAncestorByOrg" resultType="com.boe.bank.common.bean.user.OrgAncestorDo">
        select
        	parent, ancestor
        from sys_organization
        where id = #{orgId}
    </select>
	
	<select id="selectChildDepIdByOrg" resultType="java.lang.Long">
		SELECT
		  id
		FROM sys_organization
		WHERE type = 2 
			and parent in 
				<foreach collection="orgIds" item="orgId" index="index" open="(" close=")" separator=",">
					#{orgId}
				</foreach>
	</select>
	
	<select id="selectRoleByRolesAndOrg" resultType="java.lang.Long">
		SELECT
		  role_id
		FROM sys_data_role
		WHERE org_id = #{orgId}
			and role_id in 
				<foreach collection="roleIds" item="roleId" index="index"
					open="(" close=")" separator=",">
					#{roleId}
				</foreach>
	</select>

    
</mapper>